Rec ID,Record ID,Date,Description,Document No,Company Name,Part Number,Item description,Unit Price,Qty,Availability,BackOrder,Lost Sales,Closed Qty,Weighed Item,Group,qEnim,Comment,Expected delivery,Balance,Company ID,Third code,Priority code,Current Stock,PrsYpApPSec,Sales Orders,Sales-Back Order,Branch ID,Employee,Supplier
895014,44,2024/09/24  ,TUR STSUP,194710,(GAZ) COMLINE IRELAND LIMITED,CSL5128,ΑΚΡΟ ΖΑΜΦΟΡ  ΕΜΠΡ. ΑΡΙΣΤΕΡΟ CHEVROLET-OPEL,5.01,2.00,0.00,2,0.00,0.00,0,,0,,,0.00,IE0109001,,V-SLOW,0.00,0.00,0.00,17.00,1,161,AH
900952,38,2024/10/29  ,TUR - STSUP,202312,(GAZ) COMLINE IRELAND LIMITED,CSL5128,ΑΚΡΟ ΖΑΜΦΟΡ  ΕΜΠΡ. ΑΡΙΣΤΕΡΟ CHEVROLET-OPEL,5.01,2.00,0.00,2,0.00,0.00,0,,0,,,0.00,IE0109001,,V-SLOW,0.00,0.00,0.00,17.00,1,161,AH
904670,29,2024/11/19  ,TUR STSUP,206311,(GAZ) COMLINE IRELAND LIMITED,CSL5128,ΑΚΡΟ ΖΑΜΦΟΡ  ΕΜΠΡ. ΑΡΙΣΤΕΡΟ CHEVROLET-OPEL,5.01,4.00,0.00,4,0.00,0.00,0,,0,,,0.00,IE0109001,,V-SLOW,0.00,0.00,0.00,17.00,1,161,AH
912670,6,2025/01/16  ,TUR STSUP,215113,(GAZ) COMLINE IRELAND LIMITED,CSL5128,ΑΚΡΟ ΖΑΜΦΟΡ  ΕΜΠΡ. ΑΡΙΣΤΕΡΟ CHEVROLET-OPEL,5.01,6.00,0.00,6,0.00,0.00,0,,0,,,0.00,IE0109001,,V-SLOW,0.00,0.00,0.00,17.00,1,161,AH
900952,39,2024/10/29  ,TUR - STSUP,202312,(GAZ) COMLINE IRELAND LIMITED,CSL6128,ΑΚΡΟ ΖΑΜΦΟΡ  ΕΜΠΡ. ΔΕΞΙ CHEVROLET-OPEL,5.01,4.00,0.00,4,0.00,0.00,0,,0,,,0.00,IE0109001,,V-SLOW,0.00,0.00,0.00,7.00,1,161,AH
902091,75,2024/11/05  ,TUR STSUP,203414,(GAZ) COMLINE IRELAND LIMITED,CSL7145,ΑΚΡΟ ΖΑΜΦΟΡ ΕΜΠΡ. R/L CITROEN,5.58,8.00,0.00,8,0.00,0.00,0,,0,,,0.00,IE0109001,,SLOW,0.00,0.00,0.00,28.00,1,161,AH
912670,17,2025/01/16  ,TUR STSUP,215113,(GAZ) COMLINE IRELAND LIMITED,CSL7145,ΑΚΡΟ ΖΑΜΦΟΡ ΕΜΠΡ. R/L CITROEN,5.58,8.00,0.00,8,0.00,0.00,0,,0,,,0.00,IE0109001,,SLOW,0.00,0.00,0.00,28.00,1,161,AH
902091,54,2024/11/05  ,TUR STSUP,203414,(GAZ) COMLINE IRELAND LIMITED,CSL7302,ΑΚΡΟ ΖΑΜΦΟΡ ΕΜΠΡ. R/L JEEP,5.79,4.00,0.00,1,0.00,3.00,0,,0,,,0.00,IE0109001,,V-SLOW,3.00,0.00,0.00,1.00,1,161,IBERICA
904670,38,2024/11/19  ,TUR STSUP,206311,(GAZ) COMLINE IRELAND LIMITED,CSL7076,ΑΚΡΟ ΖΑΜΦΟΡ ΕΜΠΡ. R/L TOYOTA,4.21,4.00,0.00,4,0.00,0.00,0,,0,,,0.00,IE0109001,,MED,0.00,0.00,0.00,43.00,1,161,AH
912670,11,2025/01/16  ,TUR STSUP,215113,(GAZ) COMLINE IRELAND LIMITED,CSL7076,ΑΚΡΟ ΖΑΜΦΟΡ ΕΜΠΡ. R/L TOYOTA,4.21,6.00,0.00,6,0.00,0.00,0,,0,,,0.00,IE0109001,,MED,0.00,0.00,0.00,43.00,1,161,AH
912670,5,2025/01/16  ,TUR STSUP,215113,(GAZ) COMLINE IRELAND LIMITED,CSL5063,"ΑΚΡΟ ΖΑΜΦΟΡ ΕΜΠΡ. ΑΡΙΣΤ, CITROEN - PEUGEOT",6.72,7.00,0.00,7,0.00,0.00,0,,0,,,0.00,IE0109001,,V-SLOW,0.00,0.00,0.00,32.00,1,161,AH
907028,36,2024/12/03  ,TUR STSUP,209112,(GAZ) COMLINE IRELAND LIMITED,CSL5063,"ΑΚΡΟ ΖΑΜΦΟΡ ΕΜΠΡ. ΑΡΙΣΤ, CITROEN - PEUGEOT",6.72,2.00,0.00,2,0.00,0.00,0,,0,,,0.00,IE0109001,,V-SLOW,0.00,0.00,0.00,32.00,1,161,AH
902091,63,2024/11/05  ,TUR STSUP,203414,(GAZ) COMLINE IRELAND LIMITED,CSL5063,"ΑΚΡΟ ΖΑΜΦΟΡ ΕΜΠΡ. ΑΡΙΣΤ, CITROEN - PEUGEOT",6.72,5.00,0.00,5,0.00,0.00,0,,0,,,0.00,IE0109001,,V-SLOW,0.00,0.00,0.00,32.00,1,161,AH
907028,33,2024/12/03  ,TUR STSUP,209112,(GAZ) COMLINE IRELAND LIMITED,CSL5000,ΑΚΡΟ ΖΑΜΦΟΡ ΕΜΠΡ. ΑΡΙΣΤΕΡΟ AUDI,5.17,9.00,0.00,9,0.00,0.00,0,,0,,,0.00,IE0109001,,SLOW,0.00,0.00,0.00,51.00,1,161,AH
904670,27,2024/11/19  ,TUR STSUP,206311,(GAZ) COMLINE IRELAND LIMITED,CSL5000,ΑΚΡΟ ΖΑΜΦΟΡ ΕΜΠΡ. ΑΡΙΣΤΕΡΟ AUDI,5.17,1.00,0.00,1,0.00,0.00,0,,0,,,0.00,IE0109001,,SLOW,0.00,0.00,0.00,51.00,1,161,AH
912670,1,2025/01/16  ,TUR STSUP,215113,(GAZ) COMLINE IRELAND LIMITED,CSL5000,ΑΚΡΟ ΖΑΜΦΟΡ ΕΜΠΡ. ΑΡΙΣΤΕΡΟ AUDI,5.17,18.00,0.00,18,0.00,0.00,0,,0,,,0.00,IE0109001,,SLOW,0.00,0.00,0.00,51.00,1,161,AH
912670,4,2025/01/16  ,TUR STSUP,215113,(GAZ) COMLINE IRELAND LIMITED,CSL5052,ΑΚΡΟ ΖΑΜΦΟΡ ΕΜΠΡ. ΑΡΙΣΤΕΡΟ NISSAN-RENAULT,5.32,14.00,0.00,14,0.00,0.00,0,,0,,,0.00,IE0109001,,MED,0.00,0.00,0.00,107.00,1,161,AH
907028,35,2024/12/03  ,TUR STSUP,209112,(GAZ) COMLINE IRELAND LIMITED,CSL5052,ΑΚΡΟ ΖΑΜΦΟΡ ΕΜΠΡ. ΑΡΙΣΤΕΡΟ NISSAN-RENAULT,5.32,1.00,0.00,1,0.00,0.00,0,,0,,,0.00,IE0109001,,MED,0.00,0.00,0.00,107.00,1,161,AH
902091,62,2024/11/05  ,TUR STSUP,203414,(GAZ) COMLINE IRELAND LIMITED,CSL5052,ΑΚΡΟ ΖΑΜΦΟΡ ΕΜΠΡ. ΑΡΙΣΤΕΡΟ NISSAN-RENAULT,5.32,6.00,0.00,6,0.00,0.00,0,,0,,,0.00,IE0109001,,MED,0.00,0.00,0.00,107.00,1,161,AH
900952,41,2024/10/29  ,TUR - STSUP,202312,(GAZ) COMLINE IRELAND LIMITED,CSL5052,ΑΚΡΟ ΖΑΜΦΟΡ ΕΜΠΡ. ΑΡΙΣΤΕΡΟ NISSAN-RENAULT,5.32,3.00,0.00,3,0.00,0.00,0,,0,,,0.00,IE0109001,,MED,0.00,0.00,0.00,107.00,1,161,AH
900952,40,2024/10/29  ,TUR - STSUP,202312,(GAZ) COMLINE IRELAND LIMITED,CSL6052,ΑΚΡΟ ΖΑΜΦΟΡ ΕΜΠΡ. ΔΕΞΙ NISSAN-RENAULT,5.32,4.00,0.00,4,0.00,0.00,0,,0,,,0.00,IE0109001,,MED,0.00,0.00,0.00,120.00,1,161,AH
902091,58,2024/11/05  ,TUR STSUP,203414,(GAZ) COMLINE IRELAND LIMITED,CSL6052,ΑΚΡΟ ΖΑΜΦΟΡ ΕΜΠΡ. ΔΕΞΙ NISSAN-RENAULT,5.32,10.00,0.00,10,0.00,0.00,0,,0,,,0.00,IE0109001,,MED,0.00,0.00,0.00,120.00,1,161,AH
912670,8,2025/01/16  ,TUR STSUP,215113,(GAZ) COMLINE IRELAND LIMITED,CSL6052,ΑΚΡΟ ΖΑΜΦΟΡ ΕΜΠΡ. ΔΕΞΙ NISSAN-RENAULT,5.32,11.00,0.00,11,0.00,0.00,0,,0,,,0.00,IE0109001,,MED,0.00,0.00,0.00,120.00,1,161,AH
912670,19,2025/01/16  ,TUR STSUP,215113,(GAZ) COMLINE IRELAND LIMITED,CSL7181,ΑΚΡΟ ΖΑΜΦΟΡ ΟΠΙΣΘ. R/L OPEL,6.40,2.00,0.00,2,0.00,0.00,0,,0,,,0.00,IE0109001,,V-SLOW,5.00,0.00,0.00,2.00,1,161,IBERICA
912670,2,2025/01/16  ,TUR STSUP,215113,(GAZ) COMLINE IRELAND LIMITED,CSL5018,ΑΚΡΟ ΖΑΜΦΟΡ ΟΠΙΣΘ. ΑΡΙΣΤΕΡΟ HONDA,5.54,5.00,0.00,1,0.00,4.00,0,55022|1,0,,,0.00,IE0109001,,V-SLOW,1.00,0.00,0.00,1.00,1,161,MT
907028,11,2024/12/03  ,TUR STSUP,209112,(GAZ) COMLINE IRELAND LIMITED,CTRE2189,ΑΚΡΟΜΠΑΡΟ  ΕΜΠΡ. ΕΞΩΤ. ΔΕΞΙ. FIAT-OPEL,5.10,2.00,0.00,1,0.00,1.00,0,54386|1,0,,,0.00,IE0109001,,V-SLOW,8.00,0.00,0.00,1.00,1,161,IBERICA
884787,1,2024/07/16  ,TUR STSUP,181211,(GAZ) COMLINE IRELAND LIMITED,CTR3212,ΑΚΡΟΜΠΑΡΟ ΕΜΠΡ. R/L OPEL,6.72,2.00,0.00,1,0.00,1.00,0,,0,,,0.00,IE0109001,,SPECIAL,0.00,0.00,0.00,3.00,1,161,CAP
887254,57,2024/07/30  ,TUR STSUP,183813,(GAZ) COMLINE IRELAND LIMITED,CTRE1168,ΑΚΡΟΜΠΑΡΟ ΕΜΠΡ. ΑΡΙΣΤΕΡΟ ΕΞΩΤ. MAZDA,8.45,1.00,0.00,1,0.00,0.00,0,,0,,,0.00,IE0109001,,SPECIAL,0.00,0.00,0.00,2.00,1,161,IBERICA
912670,38,2025/01/16  ,TUR STSUP,215113,(GAZ) COMLINE IRELAND LIMITED,CTR2084,ΑΚΡΟΜΠΑΡΟ ΕΜΠΡ. ΔΕΞΙ HYUNDAI,6.10,3.00,0.00,1,0.00,2.00,0,55022|1,0,,,0.00,IE0109001,,SPECIAL,1.00,0.00,0.00,1.00,1,161,CAP
900952,20,2024/10/29  ,TUR - STSUP,202312,(GAZ) COMLINE IRELAND LIMITED,CTR2068,ΑΚΡΟΜΠΑΡΟ ΕΜΠΡ. ΔΕΞΙ PEUGEOT,5.76,4.00,0.00,1,0.00,3.00,0,,0,,,0.00,IE0109001,,V-SLOW,7.00,0.00,1.00,1.00,1,161,MT
912670,64,2025/01/16  ,TUR STSUP,215113,(GAZ) COMLINE IRELAND LIMITED,CTRE1127,ΑΚΡΟΜΠΑΡΟ ΕΜΠΡ.ΑΡΙΣΤ.PEUGEOT,8.24,5.00,0.00,2,0.00,3.00,0,,0,,,0.00,IE0109001,,SPECIAL,0.00,0.00,0.00,2.00,1,161,CAP
902075,7,2024/11/05  ,EUR1 BRAKE PAD + WATER PUMP,203401,(GAZ) COMLINE IRELAND LIMITED,EWP081,ΑΝΤΛΙΑ ΝΕΡΟΥ CITROEN - PEUGEOT,12.77,2.00,0.00,2,0.00,0.00,0,,0,,,0.00,IE0109001,,OBS,2.00,0.00,0.00,2.00,1,161,IBERICA
906952,2,2024/12/03  ,NON EUR1 CALIPER+WBK+CVJOINT+STSUP,209104,(GAZ) COMLINE IRELAND LIMITED,CBC085R,ΔΑΓΚΑΝA ΦΡΕΝΩΝ ΔΕΞΙΑ,16.48,1.00,0.00,1,0.00,0.00,0,,0,,,0.00,IE0109001,,V-SLOW,0.00,0.00,0.00,6.00,1,161,UR
906952,21,2024/12/03  ,NON EUR1 CALIPER+WBK+CVJOINT+STSUP,209104,(GAZ) COMLINE IRELAND LIMITED,CBC080R,ΔΑΓΚΑΝA ΦΡΕΝΩΝ ΔΕΞΙΑ,22.33,1.00,0.00,1,0.00,0.00,0,,0,,,0.00,IE0109001,,SPECIAL,0.00,0.00,0.00,3.00,1,161,UR
912650,39,2025/01/16  ,NON EUR1 CALIPER,215105,(GAZ) COMLINE IRELAND LIMITED,CBC102R,ΔΑΓΚΑΝA ΦΡΕΝΩΝ ΔΕΞΙΑ,26.73,2.00,0.00,2,0.00,0.00,0,,0,,,0.00,IE0109001,,SPECIAL,0.00,0.00,0.00,2.00,1,161,UR
912653,17,2025/01/16  ,NON EUR1 CALIPER,215106,(GAZ) COMLINE IRELAND LIMITED,CBC085R,ΔΑΓΚΑΝA ΦΡΕΝΩΝ ΔΕΞΙΑ,16.48,3.00,0.00,2,0.00,1.00,0,55015|1,0,,,0.00,IE0109001,,V-SLOW,0.00,0.00,0.00,6.00,1,161,UR
906952,22,2024/12/03  ,NON EUR1 CALIPER+WBK+CVJOINT+STSUP,209104,(GAZ) COMLINE IRELAND LIMITED,CBC087R,ΔΑΓΚΑΝA ΦΡΕΝΩΝ ΔΕΞΙΑ TOYOTA,11.89,1.00,0.00,1,0.00,0.00,0,,0,,,0.00,IE0109001,,SPECIAL,0.00,0.00,0.00,3.00,1,161,UR
912650,35,2025/01/16  ,NON EUR1 CALIPER,215105,(GAZ) COMLINE IRELAND LIMITED,CBC087R,ΔΑΓΚΑΝA ΦΡΕΝΩΝ ΔΕΞΙΑ TOYOTA,11.89,2.00,0.00,2,0.00,0.00,0,,0,,,0.00,IE0109001,,SPECIAL,0.00,0.00,0.00,3.00,1,161,UR
897939,17,2024/10/09  ,DIR VIA GREECE - NON EUR1 - BRAKE CALIPER,43164101,(GAZ) COMLINE IRELAND LIMITED,CBC058R,ΔΑΓΚΑΝA ΦΡΕΝΩΝ ΕΜΠΡ. ΔΕΞΙΑ MAZDA,17.24,1.00,0.00,1,0.00,0.00,0,,0,,,0.00,IE0109001,,SPECIAL,0.00,0.00,0.00,1.00,1,161,UR
912650,7,2025/01/16  ,NON EUR1 CALIPER,215105,(GAZ) COMLINE IRELAND LIMITED,CBC007R,ΔΑΓΚΑΝA ΦΡΕΝΩΝ ΕΜΠΡΟΣΘ. ΔΕΞΙΑ AUDI-SKODA-SEAT-VW,14.31,1.00,0.00,1,0.00,0.00,0,,0,,,0.00,IE0109001,,MED,0.00,0.00,0.00,10.00,1,161,UR
912650,12,2025/01/16  ,NON EUR1 CALIPER,215105,(GAZ) COMLINE IRELAND LIMITED,CBC023R,ΔΑΓΚΑΝA ΦΡΕΝΩΝ ΕΜΠΡΟΣΘ. ΔΕΞΙΑ OPEL,15.77,1.00,0.00,1,0.00,0.00,0,,0,,,0.00,IE0109001,,SPECIAL,0.00,0.00,0.00,4.00,1,161,UR
912650,23,2025/01/16  ,NON EUR1 CALIPER,215105,(GAZ) COMLINE IRELAND LIMITED,CBC039R,ΔΑΓΚΑΝA ΦΡΕΝΩΝ ΕΜΠΡΟΣΘ. ΔΕΞΙΑ OPEL,15.71,2.00,0.00,1,0.00,1.00,0,55014|1,0,,,0.00,IE0109001,,SPECIAL,0.00,0.00,0.00,4.00,1,161,UR
904652,8,2024/11/19  ,NON EUR1 CALIPER + WBK + CVJOINT,206304,(GAZ) COMLINE IRELAND LIMITED,CBC023R,ΔΑΓΚΑΝA ΦΡΕΝΩΝ ΕΜΠΡΟΣΘ. ΔΕΞΙΑ OPEL,15.77,2.00,0.00,1,0.00,1.00,0,54122|1,0,,,0.00,IE0109001,,SPECIAL,0.00,0.00,0.00,4.00,1,161,UR
902081,3,2024/11/05  ,NON EUR1 CALIPER + CVJOINT + STSUP + WBK,203405,(GAZ) COMLINE IRELAND LIMITED,CBC038R,ΔΑΓΚΑΝA ΦΡΕΝΩΝ ΕΜΠΡΟΣΘ. ΔΕΞΙΑ VW,12.60,1.00,0.00,1,0.00,0.00,0,,0,,,0.00,IE0109001,,SPECIAL,0.00,0.00,0.00,7.00,1,161,UR
912650,44,2025/01/16  ,NON EUR1 CALIPER,215105,(GAZ) COMLINE IRELAND LIMITED,CBC118R,ΔΑΓΚΑΝA ΦΡΕΝΩΝ ΕΜΠΡΟΣΘ.ΔΕΞΙΑ VW,18.61,2.00,0.00,2,0.00,0.00,0,,0,,,0.00,IE0109001,,SPECIAL,0.00,0.00,0.00,2.00,1,161,UR
904652,11,2024/11/19  ,NON EUR1 CALIPER + WBK + CVJOINT,206304,(GAZ) COMLINE IRELAND LIMITED,CBC028R,ΔΑΓΚΑΝA ΦΡΕΝΩΝ ΟΠΙΣΘ. ΔΕΞΙΑ  AUDI-SEAT-VW,18.57,2.00,0.00,2,0.00,0.00,0,,0,,,0.00,IE0109001,,SPECIAL,0.00,0.00,0.00,4.00,1,161,UR
912653,12,2025/01/16  ,NON EUR1 CALIPER,215106,(GAZ) COMLINE IRELAND LIMITED,CBC051R,ΔΑΓΚΑΝA ΦΡΕΝΩΝ ΟΠΙΣΘ. ΔΕΞΙΑ  CITROEN,19.20,7.00,0.00,7,0.00,0.00,0,,0,,,0.00,IE0109001,,SPECIAL,0.00,0.00,0.00,15.00,1,161,UR
912650,11,2025/01/16  ,NON EUR1 CALIPER,215105,(GAZ) COMLINE IRELAND LIMITED,CBC018R,ΔΑΓΚΑΝA ΦΡΕΝΩΝ ΟΠΙΣΘ. ΔΕΞΙΑ  LAND ROVER,11.62,2.00,0.00,2,0.00,0.00,0,,0,,,0.00,IE0109001,,SPECIAL,0.00,0.00,0.00,2.00,1,161,UR
912650,14,2025/01/16  ,NON EUR1 CALIPER,215105,(GAZ) COMLINE IRELAND LIMITED,CBC026R,ΔΑΓΚΑΝA ΦΡΕΝΩΝ ΟΠΙΣΘ. ΔΕΞΙΑ AUDI-SEAT,16.56,34.00,0.00,34,0.00,0.00,0,,0,,,0.00,IE0109001,,SLOW,0.00,0.00,0.00,60.00,1,161,UR
906952,17,2024/12/03  ,NON EUR1 CALIPER+WBK+CVJOINT+STSUP,209104,(GAZ) COMLINE IRELAND LIMITED,CBC026R,ΔΑΓΚΑΝA ΦΡΕΝΩΝ ΟΠΙΣΘ. ΔΕΞΙΑ AUDI-SEAT,16.56,17.00,0.00,12,0.00,5.00,0,,0,,,0.00,IE0109001,,SLOW,0.00,0.00,0.00,60.00,1,161,UR
912650,8,2025/01/16  ,NON EUR1 CALIPER,215105,(GAZ) COMLINE IRELAND LIMITED,CBC009R,ΔΑΓΚΑΝA ΦΡΕΝΩΝ ΟΠΙΣΘ. ΔΕΞΙΑ AUDI-SKODA-SEAT-VW,17.32,35.00,0.00,18,0.00,17.00,0,55014|17,0,,,0.00,IE0109001,,MED,0.00,0.00,0.00,32.00,1,161,UR
912653,10,2025/01/16  ,NON EUR1 CALIPER,215106,(GAZ) COMLINE IRELAND LIMITED,CBC043R,ΔΑΓΚΑΝA ΦΡΕΝΩΝ ΟΠΙΣΘ. ΔΕΞΙΑ AUDI-SKODA-SEAT-VW,19.07,3.00,0.00,3,0.00,0.00,0,,0,,,0.00,IE0109001,,SLOW,2.00,0.00,2.00,16.00,1,161,UR
912650,9,2025/01/16  ,NON EUR1 CALIPER,215105,(GAZ) COMLINE IRELAND LIMITED,CBC012R,ΔΑΓΚΑΝA ΦΡΕΝΩΝ ΟΠΙΣΘ. ΔΕΞΙΑ CITROEN-PEUGEOT,19.72,21.00,0.00,19,0.00,2.00,0,55014|2,0,,,0.00,IE0109001,,SLOW,1.00,0.00,1.00,35.00,1,161,UR
906952,16,2024/12/03  ,NON EUR1 CALIPER+WBK+CVJOINT+STSUP,209104,(GAZ) COMLINE IRELAND LIMITED,CBC012R,ΔΑΓΚΑΝA ΦΡΕΝΩΝ ΟΠΙΣΘ. ΔΕΞΙΑ CITROEN-PEUGEOT,19.72,14.00,0.00,14,0.00,0.00,0,,0,,,0.00,IE0109001,,SLOW,1.00,0.00,1.00,35.00,1,161,UR
912653,6,2025/01/16  ,NON EUR1 CALIPER,215106,(GAZ) COMLINE IRELAND LIMITED,CBC025R,ΔΑΓΚΑΝA ΦΡΕΝΩΝ ΟΠΙΣΘ. ΔΕΞΙΑ FORD,17.51,8.00,0.00,8,0.00,0.00,0,,0,,,0.00,IE0109001,,V-SLOW,1.00,0.00,1.00,10.00,1,161,UR
912653,3,2025/01/16  ,NON EUR1 CALIPER,215106,(GAZ) COMLINE IRELAND LIMITED,CBC005R,ΔΑΓΚΑΝA ΦΡΕΝΩΝ ΟΠΙΣΘ. ΔΕΞΙΑ FORD-MAZDA-VOLVO,18.26,8.00,0.00,8,0.00,0.00,0,,0,,,0.00,IE0109001,,V-SLOW,1.00,0.00,1.00,13.00,1,161,UR
904652,4,2024/11/19  ,NON EUR1 CALIPER + WBK + CVJOINT,206304,(GAZ) COMLINE IRELAND LIMITED,CBC005R,ΔΑΓΚΑΝA ΦΡΕΝΩΝ ΟΠΙΣΘ. ΔΕΞΙΑ FORD-MAZDA-VOLVO,18.26,2.00,0.00,2,0.00,0.00,0,,0,,,0.00,IE0109001,,V-SLOW,1.00,0.00,1.00,13.00,1,161,UR
912650,30,2025/01/16  ,NON EUR1 CALIPER,215105,(GAZ) COMLINE IRELAND LIMITED,CBC056R,ΔΑΓΚΑΝA ΦΡΕΝΩΝ ΟΠΙΣΘ. ΔΕΞΙΑ HONDA,20.40,2.00,0.00,2,0.00,0.00,0,,0,,,0.00,IE0109001,,SPECIAL,0.00,0.00,0.00,3.00,1,161,UR
912653,14,2025/01/16  ,NON EUR1 CALIPER,215106,(GAZ) COMLINE IRELAND LIMITED,CBC057R,ΔΑΓΚΑΝA ΦΡΕΝΩΝ ΟΠΙΣΘ. ΔΕΞΙΑ MAZDA,17.85,3.00,0.00,3,0.00,0.00,0,,0,,,0.00,IE0109001,,SPECIAL,0.00,0.00,0.00,3.00,1,161,UR
912650,28,2025/01/16  ,NON EUR1 CALIPER,215105,(GAZ) COMLINE IRELAND LIMITED,CBC053R,ΔΑΓΚΑΝA ΦΡΕΝΩΝ ΟΠΙΣΘ. ΔΕΞΙΑ MINI,21.96,2.00,0.00,2,0.00,0.00,0,,0,,,0.00,IE0109001,,SPECIAL,0.00,0.00,0.00,3.00,1,161,UR
912650,16,2025/01/16  ,NON EUR1 CALIPER,215105,(GAZ) COMLINE IRELAND LIMITED,CBC031R,ΔΑΓΚΑΝA ΦΡΕΝΩΝ ΟΠΙΣΘ. ΔΕΞΙΑ MINI,21.52,2.00,0.00,2,0.00,0.00,0,,0,,,0.00,IE0109001,,SPECIAL,0.00,0.00,0.00,2.00,1,161,UR
898882,8,2024/10/15  ,NON EUR1 CALIPER+WBK+STSUP+CVJOINT,199208,(GAZ) COMLINE IRELAND LIMITED,CBC053R,ΔΑΓΚΑΝA ΦΡΕΝΩΝ ΟΠΙΣΘ. ΔΕΞΙΑ MINI,21.96,2.00,0.00,1,0.00,1.00,0,,0,,,0.00,IE0109001,,SPECIAL,0.00,0.00,0.00,3.00,1,161,UR
912650,4,2025/01/16  ,NON EUR1 CALIPER,215105,(GAZ) COMLINE IRELAND LIMITED,CBC003R,ΔΑΓΚΑΝA ΦΡΕΝΩΝ ΟΠΙΣΘ. ΔΕΞΙΑ OPEL,16.70,38.00,0.00,38,0.00,0.00,0,,0,,,0.00,IE0109001,,SLOW,0.00,0.00,0.00,65.00,1,161,UR
906952,14,2024/12/03  ,NON EUR1 CALIPER+WBK+CVJOINT+STSUP,209104,(GAZ) COMLINE IRELAND LIMITED,CBC003R,ΔΑΓΚΑΝA ΦΡΕΝΩΝ ΟΠΙΣΘ. ΔΕΞΙΑ OPEL,16.70,13.00,0.00,7,0.00,6.00,0,,0,,,0.00,IE0109001,,SLOW,0.00,0.00,0.00,65.00,1,161,UR
912650,43,2025/01/16  ,NON EUR1 CALIPER,215105,(GAZ) COMLINE IRELAND LIMITED,CBC115R,ΔΑΓΚΑΝA ΦΡΕΝΩΝ ΟΠΙΣΘ. ΔΕΞΙΑ TOYOTA,14.00,2.00,0.00,2,0.00,0.00,0,,0,,,0.00,IE0109001,,SPECIAL,0.00,0.00,0.00,2.00,1,161,UR
906952,20,2024/12/03  ,NON EUR1 CALIPER+WBK+CVJOINT+STSUP,209104,(GAZ) COMLINE IRELAND LIMITED,CBC074R,ΔΑΓΚΑΝA ΦΡΕΝΩΝ ΟΠΙΣΘ. ΔΕΞΙΑ VW,17.98,1.00,0.00,1,0.00,0.00,0,,0,,,0.00,IE0109001,,SPECIAL,0.00,0.00,0.00,12.00,1,161,UR
906952,23,2024/12/03  ,NON EUR1 CALIPER+WBK+CVJOINT+STSUP,209104,(GAZ) COMLINE IRELAND LIMITED,CBC095R,ΔΑΓΚΑΝA ΦΡΕΝΩΝ ΟΠΙΣΘ. ΔΕΞΙΑ VW,34.10,5.00,0.00,5,0.00,0.00,0,,0,,,0.00,IE0109001,,SLOW,0.00,0.00,0.00,72.00,1,161,UR
912650,18,2025/01/16  ,NON EUR1 CALIPER,215105,(GAZ) COMLINE IRELAND LIMITED,CBC033R,ΔΑΓΚΑΝA ΦΡΕΝΩΝ ΟΠΙΣΘ. ΔΕΞΙΑ VW,34.10,11.00,0.00,3,0.00,8.00,0,55014|8,0,,,0.00,IE0109001,,SLOW,0.00,0.00,0.00,18.00,1,161,UR
912650,37,2025/01/16  ,NON EUR1 CALIPER,215105,(GAZ) COMLINE IRELAND LIMITED,CBC095R,ΔΑΓΚΑΝA ΦΡΕΝΩΝ ΟΠΙΣΘ. ΔΕΞΙΑ VW,34.10,63.00,0.00,59,0.00,4.00,0,55014|4,0,,,0.00,IE0109001,,SLOW,0.00,0.00,0.00,72.00,1,161,UR
902081,25,2024/11/05  ,NON EUR1 CALIPER + CVJOINT + STSUP + WBK,203405,(GAZ) COMLINE IRELAND LIMITED,CBC074R,ΔΑΓΚΑΝA ΦΡΕΝΩΝ ΟΠΙΣΘ. ΔΕΞΙΑ VW,17.98,2.00,0.00,2,0.00,0.00,0,,0,,,0.00,IE0109001,,SPECIAL,0.00,0.00,0.00,12.00,1,161,UR
904652,20,2024/11/19  ,NON EUR1 CALIPER + WBK + CVJOINT,206304,(GAZ) COMLINE IRELAND LIMITED,CBC095R,ΔΑΓΚΑΝA ΦΡΕΝΩΝ ΟΠΙΣΘ. ΔΕΞΙΑ VW,34.10,12.00,0.00,8,0.00,4.00,0,,0,,,0.00,IE0109001,,SLOW,0.00,0.00,0.00,72.00,1,161,UR
912650,15,2025/01/16  ,NON EUR1 CALIPER,215105,(GAZ) COMLINE IRELAND LIMITED,CBC030R,ΔΑΓΚΑΝA ΦΡΕΝΩΝ ΟΠΣΘ. ΔΕΞΙΑ FORD,15.55,1.00,0.00,1,0.00,0.00,0,,0,,,0.00,IE0109001,,SPECIAL,0.00,0.00,0.00,3.00,1,161,UR
912650,51,2025/01/16  ,NON EUR1 CALIPER,215105,(GAZ) COMLINE IRELAND LIMITED,CBC146L,ΔΑΓΚΑΝΑ ΦΡΕΝΩΝ,17.46,2.00,0.00,2,0.00,0.00,0,,0,,,0.00,IE0109001,,SPECIAL,0.00,0.00,0.00,2.00,1,161,UR
912650,52,2025/01/16  ,NON EUR1 CALIPER,215105,(GAZ) COMLINE IRELAND LIMITED,CBC149L,ΔΑΓΚΑΝΑ ΦΡΕΝΩΝ,16.49,2.00,0.00,1,0.00,1.00,0,55014|1,0,,,0.00,IE0109001,,SPECIAL,0.00,0.00,0.00,4.00,1,161,UR
912650,54,2025/01/16  ,NON EUR1 CALIPER,215105,(GAZ) COMLINE IRELAND LIMITED,CBC167R,ΔΑΓΚΑΝΑ ΦΡΕΝΩΝ,17.87,2.00,0.00,2,0.00,0.00,0,,0,,,0.00,IE0109001,,SPECIAL,0.00,0.00,0.00,2.00,1,161,UR
912650,62,2025/01/16  ,NON EUR1 CALIPER,215105,(GAZ) COMLINE IRELAND LIMITED,CBC208L,ΔΑΓΚΑΝΑ ΦΡΕΝΩΝ,21.10,2.00,0.00,2,0.00,0.00,0,,0,,,0.00,IE0109001,,SPECIAL,0.00,0.00,0.00,4.00,1,161,UR
912650,63,2025/01/16  ,NON EUR1 CALIPER,215105,(GAZ) COMLINE IRELAND LIMITED,CBC223L,ΔΑΓΚΑΝΑ ΦΡΕΝΩΝ,31.05,2.00,0.00,2,0.00,0.00,0,,0,,,0.00,IE0109001,,SPECIAL,0.00,0.00,0.00,4.00,1,161,UR
912650,64,2025/01/16  ,NON EUR1 CALIPER,215105,(GAZ) COMLINE IRELAND LIMITED,CBC230L,ΔΑΓΚΑΝΑ ΦΡΕΝΩΝ,18.77,2.00,0.00,2,0.00,0.00,0,,0,,,0.00,IE0109001,,SPECIAL,0.00,0.00,0.00,2.00,1,161,UR
912650,65,2025/01/16  ,NON EUR1 CALIPER,215105,(GAZ) COMLINE IRELAND LIMITED,CBC231R,ΔΑΓΚΑΝΑ ΦΡΕΝΩΝ,22.29,1.00,0.00,1,0.00,0.00,0,,0,,,0.00,IE0109001,,SPECIAL,0.00,0.00,0.00,3.00,1,161,UR
912650,66,2025/01/16  ,NON EUR1 CALIPER,215105,(GAZ) COMLINE IRELAND LIMITED,CBC232L,ΔΑΓΚΑΝΑ ΦΡΕΝΩΝ,19.06,2.00,0.00,2,0.00,0.00,0,,0,,,0.00,IE0109001,,SPECIAL,0.00,0.00,0.00,2.00,1,161,UR
912650,67,2025/01/16  ,NON EUR1 CALIPER,215105,(GAZ) COMLINE IRELAND LIMITED,CBC232R,ΔΑΓΚΑΝΑ ΦΡΕΝΩΝ,19.06,2.00,0.00,2,0.00,0.00,0,,0,,,0.00,IE0109001,,SPECIAL,0.00,0.00,0.00,2.00,1,161,UR
912650,68,2025/01/16  ,NON EUR1 CALIPER,215105,(GAZ) COMLINE IRELAND LIMITED,CBC235L,ΔΑΓΚΑΝΑ ΦΡΕΝΩΝ,19.84,2.00,0.00,2,0.00,0.00,0,,0,,,0.00,IE0109001,,SPECIAL,0.00,0.00,0.00,2.00,1,161,UR
912650,69,2025/01/16  ,NON EUR1 CALIPER,215105,(GAZ) COMLINE IRELAND LIMITED,CBC235R,ΔΑΓΚΑΝΑ ΦΡΕΝΩΝ,19.84,2.00,0.00,2,0.00,0.00,0,,0,,,0.00,IE0109001,,SPECIAL,0.00,0.00,0.00,4.00,1,161,UR
912650,70,2025/01/16  ,NON EUR1 CALIPER,215105,(GAZ) COMLINE IRELAND LIMITED,CBC238R,ΔΑΓΚΑΝΑ ΦΡΕΝΩΝ,22.09,2.00,0.00,2,0.00,0.00,0,,0,,,0.00,IE0109001,,SPECIAL,0.00,0.00,0.00,2.00,1,161,UR
912650,71,2025/01/16  ,NON EUR1 CALIPER,215105,(GAZ) COMLINE IRELAND LIMITED,CBC240R,ΔΑΓΚΑΝΑ ΦΡΕΝΩΝ,18.92,2.00,0.00,2,0.00,0.00,0,,0,,,0.00,IE0109001,,SPECIAL,0.00,0.00,0.00,3.00,1,161,UR
912650,72,2025/01/16  ,NON EUR1 CALIPER,215105,(GAZ) COMLINE IRELAND LIMITED,CBC241L,ΔΑΓΚΑΝΑ ΦΡΕΝΩΝ,23.16,2.00,0.00,2,0.00,0.00,0,,0,,,0.00,IE0109001,,SPECIAL,0.00,0.00,0.00,3.00,1,161,UR
912650,73,2025/01/16  ,NON EUR1 CALIPER,215105,(GAZ) COMLINE IRELAND LIMITED,CBC241R,ΔΑΓΚΑΝΑ ΦΡΕΝΩΝ,23.16,2.00,0.00,2,0.00,0.00,0,,0,,,0.00,IE0109001,,SPECIAL,0.00,0.00,0.00,3.00,1,161,UR
912650,74,2025/01/16  ,NON EUR1 CALIPER,215105,(GAZ) COMLINE IRELAND LIMITED,CBC245L,ΔΑΓΚΑΝΑ ΦΡΕΝΩΝ,14.90,2.00,0.00,2,0.00,0.00,0,,0,,,0.00,IE0109001,,SPECIAL,0.00,0.00,0.00,2.00,1,161,UR
906952,12,2024/12/03  ,NON EUR1 CALIPER+WBK+CVJOINT+STSUP,209104,(GAZ) COMLINE IRELAND LIMITED,CBC292L,ΔΑΓΚΑΝΑ ΦΡΕΝΩΝ,25.53,1.00,0.00,1,0.00,0.00,0,,0,,,0.00,IE0109001,,SPECIAL,0.00,0.00,0.00,3.00,1,161,UR
906952,25,2024/12/03  ,NON EUR1 CALIPER+WBK+CVJOINT+STSUP,209104,(GAZ) COMLINE IRELAND LIMITED,CBC134R,ΔΑΓΚΑΝΑ ΦΡΕΝΩΝ,21.82,2.00,0.00,2,0.00,0.00,0,,0,,,0.00,IE0109001,,SPECIAL,0.00,0.00,0.00,4.00,1,161,UR
906952,26,2024/12/03  ,NON EUR1 CALIPER+WBK+CVJOINT+STSUP,209104,(GAZ) COMLINE IRELAND LIMITED,CBC219R,ΔΑΓΚΑΝΑ ΦΡΕΝΩΝ,19.82,1.00,0.00,1,0.00,0.00,0,,0,,,0.00,IE0109001,,SPECIAL,0.00,0.00,0.00,3.00,1,161,UR
906952,27,2024/12/03  ,NON EUR1 CALIPER+WBK+CVJOINT+STSUP,209104,(GAZ) COMLINE IRELAND LIMITED,CBC235R,ΔΑΓΚΑΝΑ ΦΡΕΝΩΝ,19.84,2.00,0.00,2,0.00,0.00,0,,0,,,0.00,IE0109001,,SPECIAL,0.00,0.00,0.00,4.00,1,161,UR
906952,28,2024/12/03  ,NON EUR1 CALIPER+WBK+CVJOINT+STSUP,209104,(GAZ) COMLINE IRELAND LIMITED,CBC251R,ΔΑΓΚΑΝΑ ΦΡΕΝΩΝ,20.39,1.00,0.00,1,0.00,0.00,0,,0,,,0.00,IE0109001,,SPECIAL,0.00,0.00,0.00,5.00,1,161,UR
906952,30,2024/12/03  ,NON EUR1 CALIPER+WBK+CVJOINT+STSUP,209104,(GAZ) COMLINE IRELAND LIMITED,CBC307R,ΔΑΓΚΑΝΑ ΦΡΕΝΩΝ,36.17,1.00,0.00,1,0.00,0.00,0,,0,,,0.00,IE0109001,,SPECIAL,0.00,0.00,0.00,4.00,1,161,UR
906952,32,2024/12/03  ,NON EUR1 CALIPER+WBK+CVJOINT+STSUP,209104,(GAZ) COMLINE IRELAND LIMITED,CBC325R,ΔΑΓΚΑΝΑ ΦΡΕΝΩΝ,18.75,2.00,0.00,2,0.00,0.00,0,,0,,,0.00,IE0109001,,SPECIAL,0.00,0.00,0.00,5.00,1,161,UR
906952,33,2024/12/03  ,NON EUR1 CALIPER+WBK+CVJOINT+STSUP,209104,(GAZ) COMLINE IRELAND LIMITED,CBC329R,ΔΑΓΚΑΝΑ ΦΡΕΝΩΝ,25.84,1.00,0.00,1,0.00,0.00,0,,0,,,0.00,IE0109001,,SPECIAL,0.00,0.00,0.00,3.00,1,161,UR
906952,34,2024/12/03  ,NON EUR1 CALIPER+WBK+CVJOINT+STSUP,209104,(GAZ) COMLINE IRELAND LIMITED,CBC495R,ΔΑΓΚΑΝΑ ΦΡΕΝΩΝ,18.98,1.00,0.00,1,0.00,0.00,0,,0,,,0.00,IE0109001,,SPECIAL,0.00,0.00,0.00,3.00,1,161,UR
906952,44,2024/12/03  ,NON EUR1 CALIPER+WBK+CVJOINT+STSUP,209104,(GAZ) COMLINE IRELAND LIMITED,CBC134L,ΔΑΓΚΑΝΑ ΦΡΕΝΩΝ,21.82,2.00,0.00,2,0.00,0.00,0,,0,,,0.00,IE0109001,,SPECIAL,1.00,0.00,1.00,4.00,1,161,UR
906952,45,2024/12/03  ,NON EUR1 CALIPER+WBK+CVJOINT+STSUP,209104,(GAZ) COMLINE IRELAND LIMITED,CBC174L,ΔΑΓΚΑΝΑ ΦΡΕΝΩΝ,19.07,2.00,0.00,2,0.00,0.00,0,,0,,,0.00,IE0109001,,SPECIAL,0.00,0.00,0.00,8.00,1,161,UR
906952,46,2024/12/03  ,NON EUR1 CALIPER+WBK+CVJOINT+STSUP,209104,(GAZ) COMLINE IRELAND LIMITED,CBC219L,ΔΑΓΚΑΝΑ ΦΡΕΝΩΝ,19.82,1.00,0.00,1,0.00,0.00,0,,0,,,0.00,IE0109001,,SPECIAL,0.00,0.00,0.00,6.00,1,161,UR
906952,50,2024/12/03  ,NON EUR1 CALIPER+WBK+CVJOINT+STSUP,209104,(GAZ) COMLINE IRELAND LIMITED,CBC280L,ΔΑΓΚΑΝΑ ΦΡΕΝΩΝ,18.32,2.00,0.00,2,0.00,0.00,0,,0,,,0.00,IE0109001,,SPECIAL,0.00,0.00,0.00,10.00,1,161,UR
906952,55,2024/12/03  ,NON EUR1 CALIPER+WBK+CVJOINT+STSUP,209104,(GAZ) COMLINE IRELAND LIMITED,CBC480L,ΔΑΓΚΑΝΑ ΦΡΕΝΩΝ,25.09,1.00,0.00,1,0.00,0.00,0,,0,,,0.00,IE0109001,,SPECIAL,0.00,0.00,0.00,3.00,1,161,UR
906952,4,2024/12/03  ,NON EUR1 CALIPER+WBK+CVJOINT+STSUP,209104,(GAZ) COMLINE IRELAND LIMITED,CBC175R,ΔΑΓΚΑΝΑ ΦΡΕΝΩΝ,22.82,3.00,0.00,3,0.00,0.00,0,,0,,,0.00,IE0109001,,SPECIAL,0.00,0.00,0.00,8.00,1,161,UR
906952,10,2024/12/03  ,NON EUR1 CALIPER+WBK+CVJOINT+STSUP,209104,(GAZ) COMLINE IRELAND LIMITED,CBC175L,ΔΑΓΚΑΝΑ ΦΡΕΝΩΝ,22.82,3.00,0.00,3,0.00,0.00,0,,0,,,0.00,IE0109001,,SPECIAL,0.00,0.00,0.00,6.00,1,161,UR
904652,39,2024/11/19  ,NON EUR1 CALIPER + WBK + CVJOINT,206304,(GAZ) COMLINE IRELAND LIMITED,CBC386L,ΔΑΓΚΑΝΑ ΦΡΕΝΩΝ,14.71,2.00,0.00,2,0.00,0.00,0,,0,,,0.00,IE0109001,,SPECIAL,0.00,0.00,0.00,4.00,1,161,UR
904652,40,2024/11/19  ,NON EUR1 CALIPER + WBK + CVJOINT,206304,(GAZ) COMLINE IRELAND LIMITED,CBC408L,ΔΑΓΚΑΝΑ ΦΡΕΝΩΝ,27.30,2.00,0.00,2,0.00,0.00,0,,0,,,0.00,IE0109001,,SPECIAL,0.00,0.00,0.00,4.00,1,161,UR
904652,41,2024/11/19  ,NON EUR1 CALIPER + WBK + CVJOINT,206304,(GAZ) COMLINE IRELAND LIMITED,CBC408R,ΔΑΓΚΑΝΑ ΦΡΕΝΩΝ,27.30,2.00,0.00,2,0.00,0.00,0,,0,,,0.00,IE0109001,,SPECIAL,0.00,0.00,0.00,4.00,1,161,UR
904652,32,2024/11/19  ,NON EUR1 CALIPER + WBK + CVJOINT,206304,(GAZ) COMLINE IRELAND LIMITED,CBC277R,ΔΑΓΚΑΝΑ ΦΡΕΝΩΝ,17.06,2.00,0.00,2,0.00,0.00,0,,0,,,0.00,IE0109001,,SPECIAL,0.00,0.00,0.00,4.00,1,161,UR
904652,33,2024/11/19  ,NON EUR1 CALIPER + WBK + CVJOINT,206304,(GAZ) COMLINE IRELAND LIMITED,CBC299R,ΔΑΓΚΑΝΑ ΦΡΕΝΩΝ,19.32,2.00,0.00,2,0.00,0.00,0,,0,,,0.00,IE0109001,,SPECIAL,0.00,0.00,0.00,4.00,1,161,UR
904652,29,2024/11/19  ,NON EUR1 CALIPER + WBK + CVJOINT,206304,(GAZ) COMLINE IRELAND LIMITED,CBC251L,ΔΑΓΚΑΝΑ ΦΡΕΝΩΝ,20.39,2.00,0.00,2,0.00,0.00,0,,0,,,0.00,IE0109001,,SPECIAL,0.00,0.00,0.00,5.00,1,161,UR
904652,30,2024/11/19  ,NON EUR1 CALIPER + WBK + CVJOINT,206304,(GAZ) COMLINE IRELAND LIMITED,CBC264L,ΔΑΓΚΑΝΑ ΦΡΕΝΩΝ,14.38,2.00,0.00,2,0.00,0.00,0,,0,,,0.00,IE0109001,,SPECIAL,0.00,0.00,0.00,5.00,1,161,UR
904652,25,2024/11/19  ,NON EUR1 CALIPER + WBK + CVJOINT,206304,(GAZ) COMLINE IRELAND LIMITED,CBC149L,ΔΑΓΚΑΝΑ ΦΡΕΝΩΝ,16.49,2.00,0.00,2,0.00,0.00,0,,0,,,0.00,IE0109001,,SPECIAL,0.00,0.00,0.00,4.00,1,161,UR
904652,26,2024/11/19  ,NON EUR1 CALIPER + WBK + CVJOINT,206304,(GAZ) COMLINE IRELAND LIMITED,CBC208L,ΔΑΓΚΑΝΑ ΦΡΕΝΩΝ,21.10,2.00,0.00,2,0.00,0.00,0,,0,,,0.00,IE0109001,,SPECIAL,0.00,0.00,0.00,4.00,1,161,UR
904652,27,2024/11/19  ,NON EUR1 CALIPER + WBK + CVJOINT,206304,(GAZ) COMLINE IRELAND LIMITED,CBC223L,ΔΑΓΚΑΝΑ ΦΡΕΝΩΝ,31.05,2.00,0.00,2,0.00,0.00,0,,0,,,0.00,IE0109001,,SPECIAL,0.00,0.00,0.00,4.00,1,161,UR
902081,32,2024/11/05  ,NON EUR1 CALIPER + CVJOINT + STSUP + WBK,203405,(GAZ) COMLINE IRELAND LIMITED,CBC150R,ΔΑΓΚΑΝΑ ΦΡΕΝΩΝ,18.00,3.00,0.00,3,0.00,0.00,0,,0,,,0.00,IE0109001,,SPECIAL,1.00,0.00,2.00,3.00,1,161,UR
902081,51,2024/11/05  ,NON EUR1 CALIPER + CVJOINT + STSUP + WBK,203405,(GAZ) COMLINE IRELAND LIMITED,CBC280L,ΔΑΓΚΑΝΑ ΦΡΕΝΩΝ,18.32,2.00,0.00,2,0.00,0.00,0,,0,,,0.00,IE0109001,,SPECIAL,0.00,0.00,0.00,10.00,1,161,UR
902081,53,2024/11/05  ,NON EUR1 CALIPER + CVJOINT + STSUP + WBK,203405,(GAZ) COMLINE IRELAND LIMITED,CBC319L,ΔΑΓΚΑΝΑ ΦΡΕΝΩΝ,37.84,2.00,0.00,2,0.00,0.00,0,,0,,,0.00,IE0109001,,SPECIAL,0.00,0.00,0.00,5.00,1,161,UR
898882,20,2024/10/15  ,NON EUR1 CALIPER+WBK+STSUP+CVJOINT,199208,(GAZ) COMLINE IRELAND LIMITED,CBC321R,ΔΑΓΚΑΝΑ ΦΡΕΝΩΝ,35.66,2.00,0.00,2,0.00,0.00,0,,0,,,0.00,IE0109001,,SPECIAL,0.00,0.00,0.00,5.00,1,161,UR
900927,7,2024/10/29  ,NON EUR1 - CALIPER+CVJOINT+STSUP+WBK,202305,(GAZ) COMLINE IRELAND LIMITED,CBC240R,ΔΑΓΚΑΝΑ ΦΡΕΝΩΝ,18.92,2.00,0.00,1,0.00,1.00,0,,0,,,0.00,IE0109001,,SPECIAL,0.00,0.00,0.00,3.00,1,161,UR
900927,8,2024/10/29  ,NON EUR1 - CALIPER+CVJOINT+STSUP+WBK,202305,(GAZ) COMLINE IRELAND LIMITED,CBC241R,ΔΑΓΚΑΝΑ ΦΡΕΝΩΝ,23.16,2.00,0.00,1,0.00,1.00,0,,0,,,0.00,IE0109001,,SPECIAL,0.00,0.00,0.00,3.00,1,161,UR
900927,15,2024/10/29  ,NON EUR1 - CALIPER+CVJOINT+STSUP+WBK,202305,(GAZ) COMLINE IRELAND LIMITED,CBC241L,ΔΑΓΚΑΝΑ ΦΡΕΝΩΝ,23.16,2.00,0.00,1,0.00,1.00,0,,0,,,0.00,IE0109001,,SPECIAL,0.00,0.00,0.00,3.00,1,161,UR
900927,46,2024/10/29  ,NON EUR1 - CALIPER+CVJOINT+STSUP+WBK,202305,(GAZ) COMLINE IRELAND LIMITED,CBC378L,ΔΑΓΚΑΝΑ ΦΡΕΝΩΝ,21.10,2.00,0.00,1,0.00,1.00,0,,0,,,0.00,IE0109001,,SPECIAL,0.00,0.00,0.00,6.00,1,161,UR
900927,34,2024/10/29  ,NON EUR1 - CALIPER+CVJOINT+STSUP+WBK,202305,(GAZ) COMLINE IRELAND LIMITED,CBC496R,ΔΑΓΚΑΝΑ ΦΡΕΝΩΝ,21.03,2.00,0.00,2,0.00,0.00,0,,0,,,0.00,IE0109001,,SPECIAL,2.00,0.00,2.00,3.00,1,161,UR
897939,8,2024/10/09  ,DIR VIA GREECE - NON EUR1 - BRAKE CALIPER,43164101,(GAZ) COMLINE IRELAND LIMITED,CBC385R,ΔΑΓΚΑΝΑ ΦΡΕΝΩΝ,19.94,3.00,0.00,3,0.00,0.00,0,,0,,,0.00,IE0109001,,SPECIAL,0.00,0.00,0.00,4.00,1,161,UR
897939,28,2024/10/09  ,DIR VIA GREECE - NON EUR1 - BRAKE CALIPER,43164101,(GAZ) COMLINE IRELAND LIMITED,CBC167L,ΔΑΓΚΑΝΑ ΦΡΕΝΩΝ,17.87,1.00,0.00,1,0.00,0.00,0,,0,,,0.00,IE0109001,,SPECIAL,0.00,0.00,0.00,6.00,1,161,UR
897939,43,2024/10/09  ,DIR VIA GREECE - NON EUR1 - BRAKE CALIPER,43164101,(GAZ) COMLINE IRELAND LIMITED,CBC331L,ΔΑΓΚΑΝΑ ΦΡΕΝΩΝ,15.05,1.00,0.00,1,0.00,0.00,0,,0,,,0.00,IE0109001,,SPECIAL,0.00,0.00,0.00,3.00,1,161,UR
894006,29,2024/09/18  ,NON EUR1 - CALIPER+CVJOINT+STSUP+WBK,192703,(GAZ) COMLINE IRELAND LIMITED,CBC174R,ΔΑΓΚΑΝΑ ΦΡΕΝΩΝ,19.07,4.00,0.00,2,0.00,2.00,0,,0,,,0.00,IE0109001,,SPECIAL,0.00,0.00,0.00,4.00,1,161,UR
894006,47,2024/09/18  ,NON EUR1 - CALIPER+CVJOINT+STSUP+WBK,192703,(GAZ) COMLINE IRELAND LIMITED,CBC306R,ΔΑΓΚΑΝΑ ΦΡΕΝΩΝ,37.21,4.00,0.00,4,0.00,0.00,0,,0,,,0.00,IE0109001,,SPECIAL,1.00,0.00,1.00,7.00,1,161,UR
894006,58,2024/09/18  ,NON EUR1 - CALIPER+CVJOINT+STSUP+WBK,192703,(GAZ) COMLINE IRELAND LIMITED,CBC385L,ΔΑΓΚΑΝΑ ΦΡΕΝΩΝ,19.94,4.00,0.00,1,0.00,3.00,0,,0,,,0.00,IE0109001,,SPECIAL,0.00,0.00,0.00,1.00,1,161,UR
912650,56,2025/01/16  ,NON EUR1 CALIPER,215105,(GAZ) COMLINE IRELAND LIMITED,CBC170R,ΔΑΓΚΑΝΑ ΦΡΕΝΩΝ,19.32,2.00,0.00,2,0.00,0.00,0,,0,,,0.00,IE0109001,,SPECIAL,0.00,0.00,0.00,2.00,1,161,UR
912650,57,2025/01/16  ,NON EUR1 CALIPER,215105,(GAZ) COMLINE IRELAND LIMITED,CBC175L,ΔΑΓΚΑΝΑ ΦΡΕΝΩΝ,22.82,1.00,0.00,1,0.00,0.00,0,,0,,,0.00,IE0109001,,SPECIAL,0.00,0.00,0.00,6.00,1,161,UR
912650,59,2025/01/16  ,NON EUR1 CALIPER,215105,(GAZ) COMLINE IRELAND LIMITED,CBC192R,ΔΑΓΚΑΝΑ ΦΡΕΝΩΝ,19.89,2.00,0.00,2,0.00,0.00,0,,0,,,0.00,IE0109001,,SPECIAL,0.00,0.00,0.00,2.00,1,161,UR
912650,77,2025/01/16  ,NON EUR1 CALIPER,215105,(GAZ) COMLINE IRELAND LIMITED,CBC251L,ΔΑΓΚΑΝΑ ΦΡΕΝΩΝ,20.39,1.00,0.00,1,0.00,0.00,0,,0,,,0.00,IE0109001,,SPECIAL,0.00,0.00,0.00,5.00,1,161,UR
912650,79,2025/01/16  ,NON EUR1 CALIPER,215105,(GAZ) COMLINE IRELAND LIMITED,CBC253L,ΔΑΓΚΑΝΑ ΦΡΕΝΩΝ,19.86,2.00,0.00,2,0.00,0.00,0,,0,,,0.00,IE0109001,,SPECIAL,0.00,0.00,0.00,2.00,1,161,UR
912650,80,2025/01/16  ,NON EUR1 CALIPER,215105,(GAZ) COMLINE IRELAND LIMITED,CBC264L,ΔΑΓΚΑΝΑ ΦΡΕΝΩΝ,14.38,2.00,0.00,2,0.00,0.00,0,,0,,,0.00,IE0109001,,SPECIAL,0.00,0.00,0.00,5.00,1,161,UR
912650,81,2025/01/16  ,NON EUR1 CALIPER,215105,(GAZ) COMLINE IRELAND LIMITED,CBC277R,ΔΑΓΚΑΝΑ ΦΡΕΝΩΝ,17.06,2.00,0.00,2,0.00,0.00,0,,0,,,0.00,IE0109001,,SPECIAL,0.00,0.00,0.00,4.00,1,161,UR
912653,22,2025/01/16  ,NON EUR1 CALIPER,215106,(GAZ) COMLINE IRELAND LIMITED,CBC142R,ΔΑΓΚΑΝΑ ΦΡΕΝΩΝ,19.28,5.00,0.00,5,0.00,0.00,0,,0,,,0.00,IE0109001,,SPECIAL,0.00,0.00,0.00,5.00,1,161,UR
912653,23,2025/01/16  ,NON EUR1 CALIPER,215106,(GAZ) COMLINE IRELAND LIMITED,CBC174L,ΔΑΓΚΑΝΑ ΦΡΕΝΩΝ,19.07,6.00,0.00,6,0.00,0.00,0,,0,,,0.00,IE0109001,,SPECIAL,0.00,0.00,0.00,8.00,1,161,UR
912653,24,2025/01/16  ,NON EUR1 CALIPER,215106,(GAZ) COMLINE IRELAND LIMITED,CBC175R,ΔΑΓΚΑΝΑ ΦΡΕΝΩΝ,22.82,3.00,0.00,3,0.00,0.00,0,,0,,,0.00,IE0109001,,SPECIAL,0.00,0.00,0.00,8.00,1,161,UR
912653,26,2025/01/16  ,NON EUR1 CALIPER,215106,(GAZ) COMLINE IRELAND LIMITED,CBC188R,ΔΑΓΚΑΝΑ ΦΡΕΝΩΝ,20.51,5.00,0.00,5,0.00,0.00,0,,0,,,0.00,IE0109001,,SPECIAL,0.00,0.00,0.00,5.00,1,161,UR
912653,28,2025/01/16  ,NON EUR1 CALIPER,215106,(GAZ) COMLINE IRELAND LIMITED,CBC219L,ΔΑΓΚΑΝΑ ΦΡΕΝΩΝ,19.82,3.00,0.00,3,0.00,0.00,0,,0,,,0.00,IE0109001,,SPECIAL,0.00,0.00,0.00,6.00,1,161,UR
912653,30,2025/01/16  ,NON EUR1 CALIPER,215106,(GAZ) COMLINE IRELAND LIMITED,CBC267L,ΔΑΓΚΑΝΑ ΦΡΕΝΩΝ,21.10,3.00,0.00,3,0.00,0.00,0,,0,,,0.00,IE0109001,,SPECIAL,0.00,0.00,0.00,4.00,1,161,UR
912653,39,2025/01/16  ,NON EUR1 CALIPER,215106,(GAZ) COMLINE IRELAND LIMITED,CBC314L,ΔΑΓΚΑΝΑ ΦΡΕΝΩΝ,42.54,2.00,0.00,2,0.00,0.00,0,,0,,,0.00,IE0109001,,SPECIAL,0.00,0.00,0.00,2.00,1,161,UR
912653,40,2025/01/16  ,NON EUR1 CALIPER,215106,(GAZ) COMLINE IRELAND LIMITED,CBC317L,ΔΑΓΚΑΝΑ ΦΡΕΝΩΝ,40.28,2.00,0.00,2,0.00,0.00,0,,0,,,0.00,IE0109001,,SPECIAL,0.00,0.00,0.00,2.00,1,161,UR
912653,41,2025/01/16  ,NON EUR1 CALIPER,215106,(GAZ) COMLINE IRELAND LIMITED,CBC319R,ΔΑΓΚΑΝΑ ΦΡΕΝΩΝ,37.84,2.00,0.00,2,0.00,0.00,0,,0,,,0.00,IE0109001,,SPECIAL,0.00,0.00,0.00,4.00,1,161,UR
912653,42,2025/01/16  ,NON EUR1 CALIPER,215106,(GAZ) COMLINE IRELAND LIMITED,CBC321R,ΔΑΓΚΑΝΑ ΦΡΕΝΩΝ,35.66,2.00,0.00,2,0.00,0.00,0,,0,,,0.00,IE0109001,,SPECIAL,0.00,0.00,0.00,5.00,1,161,UR
912653,43,2025/01/16  ,NON EUR1 CALIPER,215106,(GAZ) COMLINE IRELAND LIMITED,CBC325R,ΔΑΓΚΑΝΑ ΦΡΕΝΩΝ,18.75,3.00,0.00,3,0.00,0.00,0,,0,,,0.00,IE0109001,,SPECIAL,0.00,0.00,0.00,5.00,1,161,UR
912653,44,2025/01/16  ,NON EUR1 CALIPER,215106,(GAZ) COMLINE IRELAND LIMITED,CBC328L,ΔΑΓΚΑΝΑ ΦΡΕΝΩΝ,20.92,3.00,0.00,3,0.00,0.00,0,,0,,,0.00,IE0109001,,SPECIAL,0.00,0.00,0.00,4.00,1,161,UR
912653,45,2025/01/16  ,NON EUR1 CALIPER,215106,(GAZ) COMLINE IRELAND LIMITED,CBC328R,ΔΑΓΚΑΝΑ ΦΡΕΝΩΝ,20.92,3.00,0.00,3,0.00,0.00,0,,0,,,0.00,IE0109001,,SPECIAL,0.00,0.00,0.00,4.00,1,161,UR
912653,46,2025/01/16  ,NON EUR1 CALIPER,215106,(GAZ) COMLINE IRELAND LIMITED,CBC329R,ΔΑΓΚΑΝΑ ΦΡΕΝΩΝ,25.84,2.00,0.00,2,0.00,0.00,0,,0,,,0.00,IE0109001,,SPECIAL,0.00,0.00,0.00,3.00,1,161,UR
912653,49,2025/01/16  ,NON EUR1 CALIPER,215106,(GAZ) COMLINE IRELAND LIMITED,CBC335L,ΔΑΓΚΑΝΑ ΦΡΕΝΩΝ,14.81,2.00,0.00,2,0.00,0.00,0,,0,,,0.00,IE0109001,,SPECIAL,0.00,0.00,0.00,3.00,1,161,UR
912653,50,2025/01/16  ,NON EUR1 CALIPER,215106,(GAZ) COMLINE IRELAND LIMITED,CBC348R,ΔΑΓΚΑΝΑ ΦΡΕΝΩΝ,16.63,2.00,0.00,2,0.00,0.00,0,,0,,,0.00,IE0109001,,SPECIAL,0.00,0.00,0.00,2.00,1,161,UR
912653,51,2025/01/16  ,NON EUR1 CALIPER,215106,(GAZ) COMLINE IRELAND LIMITED,CBC351R,ΔΑΓΚΑΝΑ ΦΡΕΝΩΝ,12.49,2.00,0.00,2,0.00,0.00,0,,0,,,0.00,IE0109001,,SPECIAL,0.00,0.00,0.00,2.00,1,161,UR
912653,53,2025/01/16  ,NON EUR1 CALIPER,215106,(GAZ) COMLINE IRELAND LIMITED,CBC358R,ΔΑΓΚΑΝΑ ΦΡΕΝΩΝ,18.77,2.00,0.00,2,0.00,0.00,0,,0,,,0.00,IE0109001,,SPECIAL,0.00,0.00,0.00,3.00,1,161,UR
912653,54,2025/01/16  ,NON EUR1 CALIPER,215106,(GAZ) COMLINE IRELAND LIMITED,CBC363R,ΔΑΓΚΑΝΑ ΦΡΕΝΩΝ,16.24,2.00,0.00,2,0.00,0.00,0,,0,,,0.00,IE0109001,,SPECIAL,0.00,0.00,0.00,2.00,1,161,UR
912653,55,2025/01/16  ,NON EUR1 CALIPER,215106,(GAZ) COMLINE IRELAND LIMITED,CBC368R,ΔΑΓΚΑΝΑ ΦΡΕΝΩΝ,21.80,2.00,0.00,2,0.00,0.00,0,,0,,,0.00,IE0109001,,SPECIAL,0.00,0.00,0.00,2.00,1,161,UR
912653,56,2025/01/16  ,NON EUR1 CALIPER,215106,(GAZ) COMLINE IRELAND LIMITED,CBC378L,ΔΑΓΚΑΝΑ ΦΡΕΝΩΝ,21.10,5.00,0.00,5,0.00,0.00,0,,0,,,0.00,IE0109001,,SPECIAL,0.00,0.00,0.00,6.00,1,161,UR
912653,57,2025/01/16  ,NON EUR1 CALIPER,215106,(GAZ) COMLINE IRELAND LIMITED,CBC384L,ΔΑΓΚΑΝΑ ΦΡΕΝΩΝ,25.41,2.00,0.00,2,0.00,0.00,0,,0,,,0.00,IE0109001,,SPECIAL,0.00,0.00,0.00,2.00,1,161,UR
912653,58,2025/01/16  ,NON EUR1 CALIPER,215106,(GAZ) COMLINE IRELAND LIMITED,CBC384R,ΔΑΓΚΑΝΑ ΦΡΕΝΩΝ,25.41,2.00,0.00,2,0.00,0.00,0,,0,,,0.00,IE0109001,,SPECIAL,0.00,0.00,0.00,2.00,1,161,UR
912653,59,2025/01/16  ,NON EUR1 CALIPER,215106,(GAZ) COMLINE IRELAND LIMITED,CBC386L,ΔΑΓΚΑΝΑ ΦΡΕΝΩΝ,14.71,2.00,0.00,2,0.00,0.00,0,,0,,,0.00,IE0109001,,SPECIAL,0.00,0.00,0.00,4.00,1,161,UR
912653,32,2025/01/16  ,NON EUR1 CALIPER,215106,(GAZ) COMLINE IRELAND LIMITED,CBC280L,ΔΑΓΚΑΝΑ ΦΡΕΝΩΝ,18.32,8.00,0.00,5,0.00,3.00,0,55015|3,0,,,0.00,IE0109001,,SPECIAL,0.00,0.00,0.00,10.00,1,161,UR
912653,33,2025/01/16  ,NON EUR1 CALIPER,215106,(GAZ) COMLINE IRELAND LIMITED,CBC288L,ΔΑΓΚΑΝΑ ΦΡΕΝΩΝ,22.18,3.00,0.00,3,0.00,0.00,0,,0,,,0.00,IE0109001,,SPECIAL,0.00,0.00,0.00,3.00,1,161,UR
912653,34,2025/01/16  ,NON EUR1 CALIPER,215106,(GAZ) COMLINE IRELAND LIMITED,CBC288R,ΔΑΓΚΑΝΑ ΦΡΕΝΩΝ,22.18,3.00,0.00,3,0.00,0.00,0,,0,,,0.00,IE0109001,,SPECIAL,0.00,0.00,0.00,3.00,1,161,UR
912653,35,2025/01/16  ,NON EUR1 CALIPER,215106,(GAZ) COMLINE IRELAND LIMITED,CBC299R,ΔΑΓΚΑΝΑ ΦΡΕΝΩΝ,19.32,2.00,0.00,2,0.00,0.00,0,,0,,,0.00,IE0109001,,SPECIAL,0.00,0.00,0.00,4.00,1,161,UR
912653,63,2025/01/16  ,NON EUR1 CALIPER,215106,(GAZ) COMLINE IRELAND LIMITED,CBC408L,ΔΑΓΚΑΝΑ ΦΡΕΝΩΝ,27.30,2.00,0.00,2,0.00,0.00,0,,0,,,0.00,IE0109001,,SPECIAL,0.00,0.00,0.00,4.00,1,161,UR
912653,64,2025/01/16  ,NON EUR1 CALIPER,215106,(GAZ) COMLINE IRELAND LIMITED,CBC408R,ΔΑΓΚΑΝΑ ΦΡΕΝΩΝ,27.30,2.00,0.00,2,0.00,0.00,0,,0,,,0.00,IE0109001,,SPECIAL,0.00,0.00,0.00,4.00,1,161,UR
912653,82,2025/01/16  ,NON EUR1 CALIPER,215106,(GAZ) COMLINE IRELAND LIMITED,CBC480L,ΔΑΓΚΑΝΑ ΦΡΕΝΩΝ,25.09,2.00,0.00,2,0.00,0.00,0,,0,,,0.00,IE0109001,,SPECIAL,0.00,0.00,0.00,3.00,1,161,UR
912653,83,2025/01/16  ,NON EUR1 CALIPER,215106,(GAZ) COMLINE IRELAND LIMITED,CBC495R,ΔΑΓΚΑΝΑ ΦΡΕΝΩΝ,18.98,2.00,0.00,2,0.00,0.00,0,,0,,,0.00,IE0109001,,SPECIAL,0.00,0.00,0.00,3.00,1,161,UR
912653,75,2025/01/16  ,NON EUR1 CALIPER,215106,(GAZ) COMLINE IRELAND LIMITED,CBC440R,ΔΑΓΚΑΝΑ ΦΡΕΝΩΝ,17.81,2.00,0.00,2,0.00,0.00,0,,0,,,0.00,IE0109001,,SPECIAL,0.00,0.00,0.00,2.00,1,161,UR
912653,66,2025/01/16  ,NON EUR1 CALIPER,215106,(GAZ) COMLINE IRELAND LIMITED,CBC420L,ΔΑΓΚΑΝΑ ΦΡΕΝΩΝ CITROEN-MITSUBISHI,20.41,2.00,0.00,2,0.00,0.00,0,,0,,,0.00,IE0109001,,SPECIAL,0.00,0.00,0.00,4.00,1,161,UR
912653,67,2025/01/16  ,NON EUR1 CALIPER,215106,(GAZ) COMLINE IRELAND LIMITED,CBC420R,ΔΑΓΚΑΝΑ ΦΡΕΝΩΝ CITROEN-MITSUBISHI,20.41,2.00,0.00,2,0.00,0.00,0,,0,,,0.00,IE0109001,,SPECIAL,0.00,0.00,0.00,4.00,1,161,UR
904652,42,2024/11/19  ,NON EUR1 CALIPER + WBK + CVJOINT,206304,(GAZ) COMLINE IRELAND LIMITED,CBC420L,ΔΑΓΚΑΝΑ ΦΡΕΝΩΝ CITROEN-MITSUBISHI,20.41,2.00,0.00,2,0.00,0.00,0,,0,,,0.00,IE0109001,,SPECIAL,0.00,0.00,0.00,4.00,1,161,UR
904652,43,2024/11/19  ,NON EUR1 CALIPER + WBK + CVJOINT,206304,(GAZ) COMLINE IRELAND LIMITED,CBC420R,ΔΑΓΚΑΝΑ ΦΡΕΝΩΝ CITROEN-MITSUBISHI,20.41,2.00,0.00,2,0.00,0.00,0,,0,,,0.00,IE0109001,,SPECIAL,0.00,0.00,0.00,4.00,1,161,UR
904652,44,2024/11/19  ,NON EUR1 CALIPER + WBK + CVJOINT,206304,(GAZ) COMLINE IRELAND LIMITED,CBC428L,ΔΑΓΚΑΝΑ ΦΡΕΝΩΝ CITROEN-PEUGEOT-FIAT-TOYOTA,24.04,2.00,0.00,2,0.00,0.00,0,,0,,,0.00,IE0109001,,SPECIAL,0.00,0.00,0.00,4.00,1,161,UR
904652,45,2024/11/19  ,NON EUR1 CALIPER + WBK + CVJOINT,206304,(GAZ) COMLINE IRELAND LIMITED,CBC428R,ΔΑΓΚΑΝΑ ΦΡΕΝΩΝ CITROEN-PEUGEOT-FIAT-TOYOTA,24.04,2.00,0.00,2,0.00,0.00,0,,0,,,0.00,IE0109001,,SPECIAL,0.00,0.00,0.00,4.00,1,161,UR
912653,71,2025/01/16  ,NON EUR1 CALIPER,215106,(GAZ) COMLINE IRELAND LIMITED,CBC428L,ΔΑΓΚΑΝΑ ΦΡΕΝΩΝ CITROEN-PEUGEOT-FIAT-TOYOTA,24.04,2.00,0.00,2,0.00,0.00,0,,0,,,0.00,IE0109001,,SPECIAL,0.00,0.00,0.00,4.00,1,161,UR
912653,72,2025/01/16  ,NON EUR1 CALIPER,215106,(GAZ) COMLINE IRELAND LIMITED,CBC428R,ΔΑΓΚΑΝΑ ΦΡΕΝΩΝ CITROEN-PEUGEOT-FIAT-TOYOTA,24.04,2.00,0.00,2,0.00,0.00,0,,0,,,0.00,IE0109001,,SPECIAL,0.00,0.00,0.00,4.00,1,161,UR
912653,70,2025/01/16  ,NON EUR1 CALIPER,215106,(GAZ) COMLINE IRELAND LIMITED,CBC427R,ΔΑΓΚΑΝΑ ΦΡΕΝΩΝ FIAT,19.59,2.00,0.00,2,0.00,0.00,0,,0,,,0.00,IE0109001,,SPECIAL,0.00,0.00,0.00,2.00,1,161,UR
912653,73,2025/01/16  ,NON EUR1 CALIPER,215106,(GAZ) COMLINE IRELAND LIMITED,CBC430L,ΔΑΓΚΑΝΑ ΦΡΕΝΩΝ FIAT-LANCIA,22.80,3.00,0.00,3,0.00,0.00,0,,0,,,0.00,IE0109001,,SPECIAL,0.00,0.00,0.00,5.00,1,161,UR
906952,53,2024/12/03  ,NON EUR1 CALIPER+WBK+CVJOINT+STSUP,209104,(GAZ) COMLINE IRELAND LIMITED,CBC430L,ΔΑΓΚΑΝΑ ΦΡΕΝΩΝ FIAT-LANCIA,22.80,2.00,0.00,2,0.00,0.00,0,,0,,,0.00,IE0109001,,SPECIAL,0.00,0.00,0.00,5.00,1,161,UR
912653,65,2025/01/16  ,NON EUR1 CALIPER,215106,(GAZ) COMLINE IRELAND LIMITED,CBC410R,ΔΑΓΚΑΝΑ ΦΡΕΝΩΝ FORD-MAZDA,23.32,2.00,0.00,2,0.00,0.00,0,,0,,,0.00,IE0109001,,SPECIAL,0.00,0.00,0.00,2.00,1,161,UR
906952,52,2024/12/03  ,NON EUR1 CALIPER+WBK+CVJOINT+STSUP,209104,(GAZ) COMLINE IRELAND LIMITED,CBC413L,ΔΑΓΚΑΝΑ ΦΡΕΝΩΝ HONDA,21.77,2.00,0.00,1,0.00,1.00,0,54388|1,0,,,0.00,IE0109001,,SPECIAL,0.00,0.00,0.00,3.00,1,161,UR
912653,80,2025/01/16  ,NON EUR1 CALIPER,215106,(GAZ) COMLINE IRELAND LIMITED,CBC468L,ΔΑΓΚΑΝΑ ΦΡΕΝΩΝ IVECO,30.54,2.00,0.00,2,0.00,0.00,0,,0,,,0.00,IE0109001,,SPECIAL,0.00,0.00,0.00,2.00,1,161,UR
912653,81,2025/01/16  ,NON EUR1 CALIPER,215106,(GAZ) COMLINE IRELAND LIMITED,CBC468R,ΔΑΓΚΑΝΑ ΦΡΕΝΩΝ IVECO,30.54,2.00,0.00,2,0.00,0.00,0,,0,,,0.00,IE0109001,,SPECIAL,0.00,0.00,0.00,2.00,1,161,UR
912653,68,2025/01/16  ,NON EUR1 CALIPER,215106,(GAZ) COMLINE IRELAND LIMITED,CBC422L,ΔΑΓΚΑΝΑ ΦΡΕΝΩΝ SEAT-VW,17.64,3.00,0.00,3,0.00,0.00,0,,0,,,0.00,IE0109001,,SPECIAL,0.00,0.00,0.00,3.00,1,161,UR
912653,69,2025/01/16  ,NON EUR1 CALIPER,215106,(GAZ) COMLINE IRELAND LIMITED,CBC422R,ΔΑΓΚΑΝΑ ΦΡΕΝΩΝ SEAT-VW,17.64,2.00,0.00,2,0.00,0.00,0,,0,,,0.00,IE0109001,,SPECIAL,0.00,0.00,0.00,2.00,1,161,UR
912653,21,2025/01/16  ,NON EUR1 CALIPER,215106,(GAZ) COMLINE IRELAND LIMITED,CBC123L,ΔΑΓΚΑΝΑ ΦΡΕΝΩΝ ΑΡΙΣΤΕΡΗ,16.04,3.00,0.00,2,0.00,1.00,0,55015|1,0,,,0.00,IE0109001,,V-SLOW,0.00,0.00,0.00,4.00,1,161,UR
912653,18,2025/01/16  ,NON EUR1 CALIPER,215106,(GAZ) COMLINE IRELAND LIMITED,CBC099L,ΔΑΓΚΑΝΑ ΦΡΕΝΩΝ ΑΡΙΣΤΕΡΗ,18.72,4.00,0.00,3,0.00,1.00,0,55015|1,0,,,0.00,IE0109001,,SPECIAL,0.00,0.00,0.00,6.00,1,161,UR
912653,16,2025/01/16  ,NON EUR1 CALIPER,215106,(GAZ) COMLINE IRELAND LIMITED,CBC085L,ΔΑΓΚΑΝΑ ΦΡΕΝΩΝ ΑΡΙΣΤΕΡΗ,16.48,3.00,0.00,3,0.00,0.00,0,,0,,,0.00,IE0109001,,SLOW,0.00,0.00,0.00,13.00,1,161,UR
912653,92,2025/01/16  ,NON EUR1 CALIPER,215106,(GAZ) COMLINE IRELAND LIMITED,CBC670L,ΔΑΓΚΑΝΑ ΦΡΕΝΩΝ ΑΡΙΣΤΕΡΗ,16.49,2.00,0.00,2,0.00,0.00,0,,0,,,0.00,IE0109001,VBC769L,SPECIAL,0.00,0.00,0.00,3.00,1,161,UR
912653,95,2025/01/16  ,NON EUR1 CALIPER,215106,(GAZ) COMLINE IRELAND LIMITED,CBC740L,ΔΑΓΚΑΝΑ ΦΡΕΝΩΝ ΑΡΙΣΤΕΡΗ,28.09,2.00,0.00,2,0.00,0.00,0,,0,,,0.00,IE0109001,,SPECIAL,0.00,0.00,0.00,2.00,1,161,UR
912653,97,2025/01/16  ,NON EUR1 CALIPER,215106,(GAZ) COMLINE IRELAND LIMITED,CBC775L,ΔΑΓΚΑΝΑ ΦΡΕΝΩΝ ΑΡΙΣΤΕΡΗ,42.22,2.00,0.00,2,0.00,0.00,0,,0,,,0.00,IE0109001,,SPECIAL,0.00,0.00,0.00,4.00,1,161,UR
904652,50,2024/11/19  ,NON EUR1 CALIPER + WBK + CVJOINT,206304,(GAZ) COMLINE IRELAND LIMITED,CBC775L,ΔΑΓΚΑΝΑ ΦΡΕΝΩΝ ΑΡΙΣΤΕΡΗ,42.22,2.00,0.00,2,0.00,0.00,0,,0,,,0.00,IE0109001,,SPECIAL,0.00,0.00,0.00,4.00,1,161,UR
897939,67,2024/10/09  ,DIR VIA GREECE - NON EUR1 - BRAKE CALIPER,43164101,(GAZ) COMLINE IRELAND LIMITED,CBC550L,ΔΑΓΚΑΝΑ ΦΡΕΝΩΝ ΑΡΙΣΤΕΡΗ,25.22,1.00,0.00,1,0.00,0.00,0,,0,,,0.00,IE0109001,,SPECIAL,0.00,0.00,0.00,1.00,1,161,UR
902081,12,2024/11/05  ,NON EUR1 CALIPER + CVJOINT + STSUP + WBK,203405,(GAZ) COMLINE IRELAND LIMITED,CBC670L,ΔΑΓΚΑΝΑ ΦΡΕΝΩΝ ΑΡΙΣΤΕΡΗ,16.49,2.00,0.00,1,0.00,1.00,0,,0,,,0.00,IE0109001,VBC769L,SPECIAL,0.00,0.00,0.00,3.00,1,161,UR
904652,18,2024/11/19  ,NON EUR1 CALIPER + WBK + CVJOINT,206304,(GAZ) COMLINE IRELAND LIMITED,CBC094L,ΔΑΓΚΑΝΑ ΦΡΕΝΩΝ ΑΡΙΣΤΕΡΗ,20.56,2.00,0.00,2,0.00,0.00,0,,0,,,0.00,IE0109001,,V-SLOW,1.00,0.00,1.00,5.00,1,161,UR
897939,73,2024/10/09  ,DIR VIA GREECE - NON EUR1 - BRAKE CALIPER,43164101,(GAZ) COMLINE IRELAND LIMITED,CBC690R,ΔΑΓΚΑΝΑ ΦΡΕΝΩΝ ΔΕΞΙΑ,21.39,1.00,0.00,1,0.00,0.00,0,,0,,,0.00,IE0109001,VBC789R,SPECIAL,0.00,0.00,0.00,1.00,1,161,UR
912653,98,2025/01/16  ,NON EUR1 CALIPER,215106,(GAZ) COMLINE IRELAND LIMITED,CBC802R,ΔΑΓΚΑΝΑ ΦΡΕΝΩΝ ΔΕΞΙΑ,17.63,2.00,0.00,2,0.00,0.00,0,,0,,,0.00,IE0109001,,SPECIAL,0.00,0.00,0.00,2.00,1,161,UR
912653,96,2025/01/16  ,NON EUR1 CALIPER,215106,(GAZ) COMLINE IRELAND LIMITED,CBC740R,ΔΑΓΚΑΝΑ ΦΡΕΝΩΝ ΔΕΞΙΑ,28.09,2.00,0.00,2,0.00,0.00,0,,0,,,0.00,IE0109001,,SPECIAL,0.00,0.00,0.00,2.00,1,161,UR
912653,93,2025/01/16  ,NON EUR1 CALIPER,215106,(GAZ) COMLINE IRELAND LIMITED,CBC670R,ΔΑΓΚΑΝΑ ΦΡΕΝΩΝ ΔΕΞΙΑ,16.49,2.00,0.00,2,0.00,0.00,0,,0,,,0.00,IE0109001,VBC769R,SPECIAL,0.00,0.00,0.00,2.00,1,161,UR
912653,38,2025/01/16  ,NON EUR1 CALIPER,215106,(GAZ) COMLINE IRELAND LIMITED,CBC312R,ΔΑΓΚΑΝΑ ΦΡΕΝΩΝ ΔΕΞΙΑ CITREON-OPEL-PEUGEOT,50.18,2.00,0.00,1,0.00,1.00,0,55015|1,0,,,0.00,IE0109001,,SPECIAL,0.00,0.00,0.00,1.00,1,161,UR
912653,27,2025/01/16  ,NON EUR1 CALIPER,215106,(GAZ) COMLINE IRELAND LIMITED,CBC209L,ΔΑΓΚΑΝΑ ΦΡΕΝΩΝ ΕΜΠΡ. ΑΡΙΣΤΕΡΗ CITROEN -  PEUGEOT,16.16,3.00,0.00,3,0.00,0.00,0,,0,,,0.00,IE0109001,,SPECIAL,0.00,0.00,0.00,3.00,1,161,UR
904652,17,2024/11/19  ,NON EUR1 CALIPER + WBK + CVJOINT,206304,(GAZ) COMLINE IRELAND LIMITED,CBC077L,ΔΑΓΚΑΝΑ ΦΡΕΝΩΝ ΕΜΠΡ. ΑΡΙΣΤΕΡΗ HONDA,15.46,2.00,0.00,2,0.00,0.00,0,,0,,,0.00,IE0109001,,SPECIAL,0.00,0.00,0.00,4.00,1,161,UR
912650,33,2025/01/16  ,NON EUR1 CALIPER,215105,(GAZ) COMLINE IRELAND LIMITED,CBC077L,ΔΑΓΚΑΝΑ ΦΡΕΝΩΝ ΕΜΠΡ. ΑΡΙΣΤΕΡΗ HONDA,15.46,2.00,0.00,2,0.00,0.00,0,,0,,,0.00,IE0109001,,SPECIAL,0.00,0.00,0.00,4.00,1,161,UR
912650,31,2025/01/16  ,NON EUR1 CALIPER,215105,(GAZ) COMLINE IRELAND LIMITED,CBC066L,ΔΑΓΚΑΝΑ ΦΡΕΝΩΝ ΕΜΠΡ. ΑΡΙΣΤΕΡΗ NISSAN,17.06,2.00,0.00,2,0.00,0.00,0,,0,,,0.00,IE0109001,,SPECIAL,0.00,0.00,0.00,2.00,1,161,UR
904652,46,2024/11/19  ,NON EUR1 CALIPER + WBK + CVJOINT,206304,(GAZ) COMLINE IRELAND LIMITED,CBC500L,ΔΑΓΚΑΝΑ ΦΡΕΝΩΝ ΕΜΠΡ. ΑΡΙΣΤΕΡΗ PEUGEOT,25.57,2.00,0.00,2,0.00,0.00,0,,0,,,0.00,IE0109001,,SPECIAL,0.00,0.00,0.00,4.00,1,161,UR
912653,84,2025/01/16  ,NON EUR1 CALIPER,215106,(GAZ) COMLINE IRELAND LIMITED,CBC500L,ΔΑΓΚΑΝΑ ΦΡΕΝΩΝ ΕΜΠΡ. ΑΡΙΣΤΕΡΗ PEUGEOT,25.57,2.00,0.00,2,0.00,0.00,0,,0,,,0.00,IE0109001,,SPECIAL,0.00,0.00,0.00,4.00,1,161,UR
912650,34,2025/01/16  ,NON EUR1 CALIPER,215105,(GAZ) COMLINE IRELAND LIMITED,CBC077R,ΔΑΓΚΑΝΑ ΦΡΕΝΩΝ ΕΜΠΡ. ΔΕΞΙΑ HONDA,15.46,2.00,0.00,2,0.00,0.00,0,,0,,,0.00,IE0109001,,SPECIAL,0.00,0.00,0.00,2.00,1,161,UR
904652,47,2024/11/19  ,NON EUR1 CALIPER + WBK + CVJOINT,206304,(GAZ) COMLINE IRELAND LIMITED,CBC500R,ΔΑΓΚΑΝΑ ΦΡΕΝΩΝ ΕΜΠΡ. ΔΕΞΙΑ PEUGEOT,25.57,2.00,0.00,2,0.00,0.00,0,,0,,,0.00,IE0109001,,SPECIAL,0.00,0.00,0.00,4.00,1,161,UR
912653,85,2025/01/16  ,NON EUR1 CALIPER,215106,(GAZ) COMLINE IRELAND LIMITED,CBC500R,ΔΑΓΚΑΝΑ ΦΡΕΝΩΝ ΕΜΠΡ. ΔΕΞΙΑ PEUGEOT,25.57,2.00,0.00,2,0.00,0.00,0,,0,,,0.00,IE0109001,,SPECIAL,0.00,0.00,0.00,4.00,1,161,UR
912650,55,2025/01/16  ,NON EUR1 CALIPER,215105,(GAZ) COMLINE IRELAND LIMITED,CBC168L,ΔΑΓΚΑΝΑ ΦΡΕΝΩΝ ΕΜΠΡΟΣΘ. ΑΡΙΣΤΕΡΗ CITROEN-PEUGEOT,16.19,2.00,0.00,2,0.00,0.00,0,,0,,,0.00,IE0109001,,SPECIAL,0.00,0.00,0.00,2.00,1,161,UR
912650,22,2025/01/16  ,NON EUR1 CALIPER,215105,(GAZ) COMLINE IRELAND LIMITED,CBC039L,ΔΑΓΚΑΝΑ ΦΡΕΝΩΝ ΕΜΠΡΟΣΘ. ΑΡΙΣΤΕΡΗ OPEL,15.71,2.00,0.00,1,0.00,1.00,0,55014|1,0,,,0.00,IE0109001,,SPECIAL,0.00,0.00,0.00,3.00,1,161,UR
906952,9,2024/12/03  ,NON EUR1 CALIPER+WBK+CVJOINT+STSUP,209104,(GAZ) COMLINE IRELAND LIMITED,CBC039L,ΔΑΓΚΑΝΑ ΦΡΕΝΩΝ ΕΜΠΡΟΣΘ. ΑΡΙΣΤΕΡΗ OPEL,15.71,1.00,0.00,1,0.00,0.00,0,,0,,,0.00,IE0109001,,SPECIAL,0.00,0.00,0.00,3.00,1,161,UR
912650,58,2025/01/16  ,NON EUR1 CALIPER,215105,(GAZ) COMLINE IRELAND LIMITED,CBC178L,ΔΑΓΚΑΝΑ ΦΡΕΝΩΝ ΕΜΠΡΟΣΘ. ΑΡΙΣΤΕΡΗ OPEL,17.09,2.00,0.00,2,0.00,0.00,0,,0,,,0.00,IE0109001,,SPECIAL,0.00,0.00,0.00,2.00,1,161,UR
912653,76,2025/01/16  ,NON EUR1 CALIPER,215106,(GAZ) COMLINE IRELAND LIMITED,CBC458L,ΔΑΓΚΑΝΑ ΦΡΕΝΩΝ ΕΜΠΡΟΣΘ. ΑΡΙΣΤΕΡΗ RENAULT,22.90,2.00,0.00,1,0.00,1.00,0,55015|1,0,,,0.00,IE0109001,,SPECIAL,0.00,0.00,0.00,2.00,1,161,UR
912653,29,2025/01/16  ,NON EUR1 CALIPER,215106,(GAZ) COMLINE IRELAND LIMITED,CBC252L,ΔΑΓΚΑΝΑ ΦΡΕΝΩΝ ΕΜΠΡΟΣΘ. ΑΡΙΣΤΕΡΗ SEAT-VW,12.79,3.00,0.00,3,0.00,0.00,0,,0,,,0.00,IE0109001,,SPECIAL,0.00,0.00,0.00,6.00,1,161,UR
906952,11,2024/12/03  ,NON EUR1 CALIPER+WBK+CVJOINT+STSUP,209104,(GAZ) COMLINE IRELAND LIMITED,CBC252L,ΔΑΓΚΑΝΑ ΦΡΕΝΩΝ ΕΜΠΡΟΣΘ. ΑΡΙΣΤΕΡΗ SEAT-VW,12.79,3.00,0.00,3,0.00,0.00,0,,0,,,0.00,IE0109001,,SPECIAL,0.00,0.00,0.00,6.00,1,161,UR
912653,25,2025/01/16  ,NON EUR1 CALIPER,215106,(GAZ) COMLINE IRELAND LIMITED,CBC180R,ΔΑΓΚΑΝΑ ΦΡΕΝΩΝ ΕΜΠΡΟΣΘ. ΔΕΞΙΑ CITROEN,14.74,3.00,0.00,3,0.00,0.00,0,,0,,,0.00,IE0109001,,SPECIAL,0.00,0.00,0.00,3.00,1,161,UR
912653,74,2025/01/16  ,NON EUR1 CALIPER,215106,(GAZ) COMLINE IRELAND LIMITED,CBC440L,ΔΑΓΚΑΝΑ ΦΡΕΝΩΝ ΕΜΠΡΟΣΘ. ΔΕΞΙΑ FORD,17.81,2.00,0.00,2,0.00,0.00,0,,0,,,0.00,IE0109001,,SPECIAL,0.00,0.00,0.00,2.00,1,161,UR
912653,77,2025/01/16  ,NON EUR1 CALIPER,215106,(GAZ) COMLINE IRELAND LIMITED,CBC458R,ΔΑΓΚΑΝΑ ΦΡΕΝΩΝ ΕΜΠΡΟΣΘ. ΔΕΞΙΑ RENAULT,22.90,2.00,0.00,1,0.00,1.00,0,55015|1,0,,,0.00,IE0109001,,SPECIAL,0.00,0.00,0.00,2.00,1,161,UR
912650,78,2025/01/16  ,NON EUR1 CALIPER,215105,(GAZ) COMLINE IRELAND LIMITED,CBC252R,ΔΑΓΚΑΝΑ ΦΡΕΝΩΝ ΕΜΠΡΟΣΘ. ΔΕΞΙΑ SEAT-VW,12.79,2.00,0.00,2,0.00,0.00,0,,0,,,0.00,IE0109001,,SPECIAL,0.00,0.00,0.00,5.00,1,161,UR
906952,5,2024/12/03  ,NON EUR1 CALIPER+WBK+CVJOINT+STSUP,209104,(GAZ) COMLINE IRELAND LIMITED,CBC252R,ΔΑΓΚΑΝΑ ΦΡΕΝΩΝ ΕΜΠΡΟΣΘ. ΔΕΞΙΑ SEAT-VW,12.79,3.00,0.00,3,0.00,0.00,0,,0,,,0.00,IE0109001,,SPECIAL,0.00,0.00,0.00,5.00,1,161,UR
904652,31,2024/11/19  ,NON EUR1 CALIPER + WBK + CVJOINT,206304,(GAZ) COMLINE IRELAND LIMITED,CBC268L,ΔΑΓΚΑΝΑ ΦΡΕΝΩΝ ΕΜΠΡΟΣΘΙΑ ΑΡΙΣΤΕΡΗ CITROEN,23.32,2.00,0.00,2,0.00,0.00,0,,0,,,0.00,IE0109001,,SPECIAL,0.00,0.00,0.00,2.00,1,161,UR
900927,12,2024/10/29  ,NON EUR1 - CALIPER+CVJOINT+STSUP+WBK,202305,(GAZ) COMLINE IRELAND LIMITED,CBC159L,ΔΑΓΚΑΝΑ ΦΡΕΝΩΝ ΕΜΠΡΟΣΘΙΑ ΑΡΙΣΤΕΡΗ FORD,25.59,2.00,0.00,1,0.00,1.00,0,53757|1,0,,,0.00,IE0109001,,SPECIAL,0.00,0.00,0.00,1.00,1,161,UR
904652,24,2024/11/19  ,NON EUR1 CALIPER + WBK + CVJOINT,206304,(GAZ) COMLINE IRELAND LIMITED,CBC133L,ΔΑΓΚΑΝΑ ΦΡΕΝΩΝ ΕΜΠΡΟΣΘΙΑ ΑΡΙΣΤΕΡΗ MERCEDES,13.97,2.00,0.00,2,0.00,0.00,0,,0,,,0.00,IE0109001,,SPECIAL,0.00,0.00,0.00,4.00,1,161,UR
912650,48,2025/01/16  ,NON EUR1 CALIPER,215105,(GAZ) COMLINE IRELAND LIMITED,CBC133L,ΔΑΓΚΑΝΑ ΦΡΕΝΩΝ ΕΜΠΡΟΣΘΙΑ ΑΡΙΣΤΕΡΗ MERCEDES,13.97,2.00,0.00,2,0.00,0.00,0,,0,,,0.00,IE0109001,,SPECIAL,0.00,0.00,0.00,4.00,1,161,UR
912650,60,2025/01/16  ,NON EUR1 CALIPER,215105,(GAZ) COMLINE IRELAND LIMITED,CBC196L,ΔΑΓΚΑΝΑ ΦΡΕΝΩΝ ΕΜΠΡΟΣΘΙΑ ΑΡΙΣΤΕΡΗ SKODA,14.08,2.00,0.00,2,0.00,0.00,0,,0,,,0.00,IE0109001,,SPECIAL,0.00,0.00,0.00,2.00,1,161,UR
912650,49,2025/01/16  ,NON EUR1 CALIPER,215105,(GAZ) COMLINE IRELAND LIMITED,CBC136R,ΔΑΓΚΑΝΑ ΦΡΕΝΩΝ ΕΜΠΡΟΣΘΙΑ ΔΕΞΙΑ,20.07,1.00,0.00,1,0.00,0.00,0,,0,,,0.00,IE0109001,,SPECIAL,0.00,0.00,0.00,8.00,1,161,UR
912650,50,2025/01/16  ,NON EUR1 CALIPER,215105,(GAZ) COMLINE IRELAND LIMITED,CBC139R,ΔΑΓΚΑΝΑ ΦΡΕΝΩΝ ΕΜΠΡΟΣΘΙΑ ΔΕΞΙΑ BMW,16.27,2.00,0.00,2,0.00,0.00,0,,0,,,0.00,IE0109001,,SPECIAL,0.00,0.00,0.00,2.00,1,161,UR
912650,61,2025/01/16  ,NON EUR1 CALIPER,215105,(GAZ) COMLINE IRELAND LIMITED,CBC196R,ΔΑΓΚΑΝΑ ΦΡΕΝΩΝ ΕΜΠΡΟΣΘΙΑ ΔΕΞΙΑ SKODA,14.08,2.00,0.00,2,0.00,0.00,0,,0,,,0.00,IE0109001,,SPECIAL,0.00,0.00,0.00,2.00,1,161,UR
912650,13,2025/01/16  ,NON EUR1 CALIPER,215105,(GAZ) COMLINE IRELAND LIMITED,CBC026L,ΔΑΓΚΑΝΑ ΦΡΕΝΩΝ ΟΠΙΣΘ. ΑΡΙΣΤΕΡΗ AUDI-SEAT,16.56,55.00,0.00,46,0.00,9.00,0,55014|9,0,,,0.00,IE0109001,,SLOW,0.00,0.00,0.00,46.00,1,161,UR
906952,51,2024/12/03  ,NON EUR1 CALIPER+WBK+CVJOINT+STSUP,209104,(GAZ) COMLINE IRELAND LIMITED,CBC309L,ΔΑΓΚΑΝΑ ΦΡΕΝΩΝ ΟΠΙΣΘ. ΑΡΙΣΤΕΡΗ AUDI-SEAT-VW,40.63,1.00,0.00,1,0.00,0.00,0,,0,,,0.00,IE0109001,,SPECIAL,0.00,0.00,0.00,12.00,1,161,UR
912653,36,2025/01/16  ,NON EUR1 CALIPER,215106,(GAZ) COMLINE IRELAND LIMITED,CBC309L,ΔΑΓΚΑΝΑ ΦΡΕΝΩΝ ΟΠΙΣΘ. ΑΡΙΣΤΕΡΗ AUDI-SEAT-VW,40.63,5.00,0.00,4,0.00,1.00,0,55015|1,0,,,0.00,IE0109001,,SPECIAL,0.00,0.00,0.00,12.00,1,161,UR
912650,29,2025/01/16  ,NON EUR1 CALIPER,215105,(GAZ) COMLINE IRELAND LIMITED,CBC054L,ΔΑΓΚΑΝΑ ΦΡΕΝΩΝ ΟΠΙΣΘ. ΑΡΙΣΤΕΡΗ AUDI-SKODA-SEAT-VW,22.18,2.00,0.00,2,0.00,0.00,0,,0,,,0.00,IE0109001,,SPECIAL,0.00,0.00,0.00,5.00,1,161,UR
894006,5,2024/09/18  ,NON EUR1 - CALIPER+CVJOINT+STSUP+WBK,192703,(GAZ) COMLINE IRELAND LIMITED,CBC054L,ΔΑΓΚΑΝΑ ΦΡΕΝΩΝ ΟΠΙΣΘ. ΑΡΙΣΤΕΡΗ AUDI-SKODA-SEAT-VW,22.18,2.00,0.00,2,0.00,0.00,0,,0,,,0.00,IE0109001,,SPECIAL,0.00,0.00,0.00,5.00,1,161,UR
904652,14,2024/11/19  ,NON EUR1 CALIPER + WBK + CVJOINT,206304,(GAZ) COMLINE IRELAND LIMITED,CBC035L,ΔΑΓΚΑΝΑ ΦΡΕΝΩΝ ΟΠΙΣΘ. ΑΡΙΣΤΕΡΗ BMW,13.68,2.00,0.00,2,0.00,0.00,0,,0,,,0.00,IE0109001,,SPECIAL,0.00,0.00,0.00,5.00,1,161,UR
912650,27,2025/01/16  ,NON EUR1 CALIPER,215105,(GAZ) COMLINE IRELAND LIMITED,CBC051L,ΔΑΓΚΑΝΑ ΦΡΕΝΩΝ ΟΠΙΣΘ. ΑΡΙΣΤΕΡΗ CITROEN,19.20,2.00,0.00,2,0.00,0.00,0,,0,,,0.00,IE0109001,,SPECIAL,0.00,0.00,0.00,8.00,1,161,UR
911500,25,2025/01/08  ,NON EUR1 - BACK ORDER,39269,(GAZ) COMLINE IRELAND LIMITED,CBC051L,ΔΑΓΚΑΝΑ ΦΡΕΝΩΝ ΟΠΙΣΘ. ΑΡΙΣΤΕΡΗ CITROEN,19.20,1.00,0.00,1,0.00,0.00,0,,0,,,0.00,IE0109001,,SPECIAL,0.00,0.00,0.00,8.00,1,161,UR
906952,42,2024/12/03  ,NON EUR1 CALIPER+WBK+CVJOINT+STSUP,209104,(GAZ) COMLINE IRELAND LIMITED,CBC100L,ΔΑΓΚΑΝΑ ΦΡΕΝΩΝ ΟΠΙΣΘ. ΑΡΙΣΤΕΡΗ CITROEN-PEUGEOT,18.08,2.00,0.00,1,0.00,1.00,0,,0,,,0.00,IE0109001,,V-SLOW,0.00,0.00,0.00,5.00,1,161,UR
912650,25,2025/01/16  ,NON EUR1 CALIPER,215105,(GAZ) COMLINE IRELAND LIMITED,CBC048L,ΔΑΓΚΑΝΑ ΦΡΕΝΩΝ ΟΠΙΣΘ. ΑΡΙΣΤΕΡΗ FIAT,18.24,9.00,0.00,7,0.00,2.00,0,55014|2,0,,,0.00,IE0109001,,SPECIAL,1.00,0.00,1.00,11.00,1,161,UR
900927,38,2024/10/29  ,NON EUR1 - CALIPER+CVJOINT+STSUP+WBK,202305,(GAZ) COMLINE IRELAND LIMITED,CBC048L,ΔΑΓΚΑΝΑ ΦΡΕΝΩΝ ΟΠΙΣΘ. ΑΡΙΣΤΕΡΗ FIAT,18.24,2.00,0.00,2,0.00,0.00,0,,0,,,0.00,IE0109001,,SPECIAL,1.00,0.00,1.00,11.00,1,161,UR
904652,12,2024/11/19  ,NON EUR1 CALIPER + WBK + CVJOINT,206304,(GAZ) COMLINE IRELAND LIMITED,CBC030L,ΔΑΓΚΑΝΑ ΦΡΕΝΩΝ ΟΠΙΣΘ. ΑΡΙΣΤΕΡΗ FORD,15.55,8.00,0.00,7,0.00,1.00,0,54122|1,0,,,0.00,IE0109001,,V-SLOW,0.00,0.00,0.00,18.00,1,161,UR
912650,17,2025/01/16  ,NON EUR1 CALIPER,215105,(GAZ) COMLINE IRELAND LIMITED,CBC032L,ΔΑΓΚΑΝΑ ΦΡΕΝΩΝ ΟΠΙΣΘ. ΑΡΙΣΤΕΡΗ FORD,18.25,2.00,0.00,1,0.00,1.00,0,55014|1,0,,,0.00,IE0109001,,SPECIAL,0.00,0.00,0.00,1.00,1,161,UR
912653,7,2025/01/16  ,NON EUR1 CALIPER,215106,(GAZ) COMLINE IRELAND LIMITED,CBC030L,ΔΑΓΚΑΝΑ ΦΡΕΝΩΝ ΟΠΙΣΘ. ΑΡΙΣΤΕΡΗ FORD,15.55,3.00,0.00,3,0.00,0.00,0,,0,,,0.00,IE0109001,,V-SLOW,0.00,0.00,0.00,18.00,1,161,UR
912653,2,2025/01/16  ,NON EUR1 CALIPER,215106,(GAZ) COMLINE IRELAND LIMITED,CBC005L,ΔΑΓΚΑΝΑ ΦΡΕΝΩΝ ΟΠΙΣΘ. ΑΡΙΣΤΕΡΗ FORD-MAZDA-VOLVO,18.26,3.00,0.00,3,0.00,0.00,0,,0,,,0.00,IE0109001,,V-SLOW,0.00,0.00,0.00,7.00,1,161,UR
912650,10,2025/01/16  ,NON EUR1 CALIPER,215105,(GAZ) COMLINE IRELAND LIMITED,CBC015L,ΔΑΓΚΑΝΑ ΦΡΕΝΩΝ ΟΠΙΣΘ. ΑΡΙΣΤΕΡΗ HONDA,21.25,2.00,0.00,2,0.00,0.00,0,,0,,,0.00,IE0109001,,SPECIAL,0.00,0.00,0.00,5.00,1,161,UR
897549,26,2024/10/08  ,NON EUR1 CALIPER+WBK,197606,(GAZ) COMLINE IRELAND LIMITED,CBC015L,ΔΑΓΚΑΝΑ ΦΡΕΝΩΝ ΟΠΙΣΘ. ΑΡΙΣΤΕΡΗ HONDA,21.25,2.00,0.00,2,0.00,0.00,0,,0,,,0.00,IE0109001,,SPECIAL,0.00,0.00,0.00,5.00,1,161,UR
906952,38,2024/12/03  ,NON EUR1 CALIPER+WBK+CVJOINT+STSUP,209104,(GAZ) COMLINE IRELAND LIMITED,CBC031L,ΔΑΓΚΑΝΑ ΦΡΕΝΩΝ ΟΠΙΣΘ. ΑΡΙΣΤΕΡΗ MINI,21.52,1.00,0.00,1,0.00,0.00,0,,0,,,0.00,IE0109001,,SPECIAL,0.00,0.00,0.00,3.00,1,161,UR
906952,35,2024/12/03  ,NON EUR1 CALIPER+WBK+CVJOINT+STSUP,209104,(GAZ) COMLINE IRELAND LIMITED,CBC003L,ΔΑΓΚΑΝΑ ΦΡΕΝΩΝ ΟΠΙΣΘ. ΑΡΙΣΤΕΡΗ OPEL,16.70,9.00,0.00,9,0.00,0.00,0,,0,,,0.00,IE0109001,,SLOW,1.00,0.00,0.00,67.00,1,161,UR
912650,3,2025/01/16  ,NON EUR1 CALIPER,215105,(GAZ) COMLINE IRELAND LIMITED,CBC003L,ΔΑΓΚΑΝΑ ΦΡΕΝΩΝ ΟΠΙΣΘ. ΑΡΙΣΤΕΡΗ OPEL,16.70,44.00,0.00,39,0.00,5.00,0,55014|5,0,,,0.00,IE0109001,,SLOW,1.00,0.00,0.00,67.00,1,161,UR
904652,22,2024/11/19  ,NON EUR1 CALIPER + WBK + CVJOINT,206304,(GAZ) COMLINE IRELAND LIMITED,CBC120L,ΔΑΓΚΑΝΑ ΦΡΕΝΩΝ ΟΠΙΣΘ. ΑΡΙΣΤΕΡΗ OPEL,17.30,2.00,0.00,2,0.00,0.00,0,,0,,,0.00,IE0109001,,V-SLOW,0.00,0.00,0.00,11.00,1,161,UR
912653,20,2025/01/16  ,NON EUR1 CALIPER,215106,(GAZ) COMLINE IRELAND LIMITED,CBC120L,ΔΑΓΚΑΝΑ ΦΡΕΝΩΝ ΟΠΙΣΘ. ΑΡΙΣΤΕΡΗ OPEL,17.30,8.00,0.00,7,0.00,1.00,0,55015|1,0,,,0.00,IE0109001,,V-SLOW,0.00,0.00,0.00,11.00,1,161,UR
904652,16,2024/11/19  ,NON EUR1 CALIPER + WBK + CVJOINT,206304,(GAZ) COMLINE IRELAND LIMITED,CBC050L,ΔΑΓΚΑΝΑ ΦΡΕΝΩΝ ΟΠΙΣΘ. ΑΡΙΣΤΕΡΗ PEUGEOT,20.40,2.00,0.00,2,0.00,0.00,0,,0,,,0.00,IE0109001,,SPECIAL,0.00,0.00,0.00,8.00,1,161,UR
902081,44,2024/11/05  ,NON EUR1 CALIPER + CVJOINT + STSUP + WBK,203405,(GAZ) COMLINE IRELAND LIMITED,CBC050L,ΔΑΓΚΑΝΑ ΦΡΕΝΩΝ ΟΠΙΣΘ. ΑΡΙΣΤΕΡΗ PEUGEOT,20.40,1.00,0.00,1,0.00,0.00,0,,0,,,0.00,IE0109001,,SPECIAL,0.00,0.00,0.00,8.00,1,161,UR
900927,49,2024/10/29  ,NON EUR1 - CALIPER+CVJOINT+STSUP+WBK,202305,(GAZ) COMLINE IRELAND LIMITED,CBC467L,ΔΑΓΚΑΝΑ ΦΡΕΝΩΝ ΟΠΙΣΘ. ΑΡΙΣΤΕΡΗ SEAT-SKODA,19.44,2.00,0.00,1,0.00,1.00,0,,0,,,0.00,IE0109001,,SPECIAL,0.00,0.00,0.00,3.00,1,161,UR
912653,78,2025/01/16  ,NON EUR1 CALIPER,215106,(GAZ) COMLINE IRELAND LIMITED,CBC467L,ΔΑΓΚΑΝΑ ΦΡΕΝΩΝ ΟΠΙΣΘ. ΑΡΙΣΤΕΡΗ SEAT-SKODA,19.44,2.00,0.00,1,0.00,1.00,0,55015|1,0,,,0.00,IE0109001,,SPECIAL,0.00,0.00,0.00,3.00,1,161,UR
912653,8,2025/01/16  ,NON EUR1 CALIPER,215106,(GAZ) COMLINE IRELAND LIMITED,CBC033L,ΔΑΓΚΑΝΑ ΦΡΕΝΩΝ ΟΠΙΣΘ. ΑΡΙΣΤΕΡΗ VW,34.10,7.00,0.00,7,0.00,0.00,0,,0,,,0.00,IE0109001,,V-SLOW,0.00,0.00,0.00,24.00,1,161,UR
912650,36,2025/01/16  ,NON EUR1 CALIPER,215105,(GAZ) COMLINE IRELAND LIMITED,CBC095L,ΔΑΓΚΑΝΑ ΦΡΕΝΩΝ ΟΠΙΣΘ. ΑΡΙΣΤΕΡΗ VW,34.10,27.00,0.00,26,0.00,1.00,0,55014|1,0,,,0.00,IE0109001,,V-SLOW,0.00,0.00,0.00,60.00,1,161,UR
906952,39,2024/12/03  ,NON EUR1 CALIPER+WBK+CVJOINT+STSUP,209104,(GAZ) COMLINE IRELAND LIMITED,CBC033L,ΔΑΓΚΑΝΑ ΦΡΕΝΩΝ ΟΠΙΣΘ. ΑΡΙΣΤΕΡΗ VW,34.10,10.00,0.00,7,0.00,3.00,0,54388|3,0,,,0.00,IE0109001,,V-SLOW,0.00,0.00,0.00,24.00,1,161,UR
906952,41,2024/12/03  ,NON EUR1 CALIPER+WBK+CVJOINT+STSUP,209104,(GAZ) COMLINE IRELAND LIMITED,CBC095L,ΔΑΓΚΑΝΑ ΦΡΕΝΩΝ ΟΠΙΣΘ. ΑΡΙΣΤΕΡΗ VW,34.10,10.00,0.00,10,0.00,0.00,0,,0,,,0.00,IE0109001,,V-SLOW,0.00,0.00,0.00,60.00,1,161,UR
900927,20,2024/10/29  ,NON EUR1 - CALIPER+CVJOINT+STSUP+WBK,202305,(GAZ) COMLINE IRELAND LIMITED,CBC063R,ΔΑΓΚΑΝΑ ΦΡΕΝΩΝ ΟΠΙΣΘ. ΔΕΞΙΑ AUDI - SEAT - VW,19.07,4.00,0.00,4,0.00,0.00,0,,0,,,0.00,IE0109001,,SLOW,0.00,0.00,0.00,56.00,1,161,UR
897939,2,2024/10/09  ,DIR VIA GREECE - NON EUR1 - BRAKE CALIPER,43164101,(GAZ) COMLINE IRELAND LIMITED,CBC063R,ΔΑΓΚΑΝΑ ΦΡΕΝΩΝ ΟΠΙΣΘ. ΔΕΞΙΑ AUDI - SEAT - VW,19.07,16.00,0.00,16,0.00,0.00,0,,0,,,0.00,IE0109001,,SLOW,0.00,0.00,0.00,56.00,1,161,UR
897549,18,2024/10/08  ,NON EUR1 CALIPER+WBK,197606,(GAZ) COMLINE IRELAND LIMITED,CBC063R,ΔΑΓΚΑΝΑ ΦΡΕΝΩΝ ΟΠΙΣΘ. ΔΕΞΙΑ AUDI - SEAT - VW,19.07,5.00,0.00,5,0.00,0.00,0,,0,,,0.00,IE0109001,,SLOW,0.00,0.00,0.00,56.00,1,161,UR
896254,10,2024/10/01  ,NON EUR1 - CALIPER+CVJOINT+BRAKE DISC+WBK,196306,(GAZ) COMLINE IRELAND LIMITED,CBC063R,ΔΑΓΚΑΝΑ ΦΡΕΝΩΝ ΟΠΙΣΘ. ΔΕΞΙΑ AUDI - SEAT - VW,19.07,2.00,0.00,2,0.00,0.00,0,,0,,,0.00,IE0109001,,SLOW,0.00,0.00,0.00,56.00,1,161,UR
912653,15,2025/01/16  ,NON EUR1 CALIPER,215106,(GAZ) COMLINE IRELAND LIMITED,CBC063R,ΔΑΓΚΑΝΑ ΦΡΕΝΩΝ ΟΠΙΣΘ. ΔΕΞΙΑ AUDI - SEAT - VW,19.07,8.00,0.00,8,0.00,0.00,0,,0,,,0.00,IE0109001,,SLOW,0.00,0.00,0.00,56.00,1,161,UR
912653,37,2025/01/16  ,NON EUR1 CALIPER,215106,(GAZ) COMLINE IRELAND LIMITED,CBC309R,ΔΑΓΚΑΝΑ ΦΡΕΝΩΝ ΟΠΙΣΘ. ΔΕΞΙΑ AUDI-SEAT-VW,40.63,6.00,0.00,4,0.00,2.00,0,55015|2,0,,,0.00,IE0109001,,SPECIAL,0.00,0.00,0.00,13.00,1,161,UR
906952,31,2024/12/03  ,NON EUR1 CALIPER+WBK+CVJOINT+STSUP,209104,(GAZ) COMLINE IRELAND LIMITED,CBC309R,ΔΑΓΚΑΝΑ ΦΡΕΝΩΝ ΟΠΙΣΘ. ΔΕΞΙΑ AUDI-SEAT-VW,40.63,1.00,0.00,1,0.00,0.00,0,,0,,,0.00,IE0109001,,SPECIAL,0.00,0.00,0.00,13.00,1,161,UR
904652,34,2024/11/19  ,NON EUR1 CALIPER + WBK + CVJOINT,206304,(GAZ) COMLINE IRELAND LIMITED,CBC309R,ΔΑΓΚΑΝΑ ΦΡΕΝΩΝ ΟΠΙΣΘ. ΔΕΞΙΑ AUDI-SEAT-VW,40.63,2.00,0.00,2,0.00,0.00,0,,0,,,0.00,IE0109001,,SPECIAL,0.00,0.00,0.00,13.00,1,161,UR
912653,79,2025/01/16  ,NON EUR1 CALIPER,215106,(GAZ) COMLINE IRELAND LIMITED,CBC467R,ΔΑΓΚΑΝΑ ΦΡΕΝΩΝ ΟΠΙΣΘ. ΔΕΞΙΑ SEAT-SKODA,19.44,2.00,0.00,2,0.00,0.00,0,,0,,,0.00,IE0109001,,SPECIAL,0.00,0.00,0.00,3.00,1,161,UR
912650,6,2025/01/16  ,NON EUR1 CALIPER,215105,(GAZ) COMLINE IRELAND LIMITED,CBC006L,ΔΑΓΚΑΝΑ ΦΡΕΝΩΝ ΟΠΙΣΘ.ΑΡΙΣΤΕΡΗ MINI,21.04,2.00,0.00,2,0.00,0.00,0,,0,,,0.00,IE0109001,,SPECIAL,0.00,0.00,0.00,3.00,1,161,UR
906952,49,2024/12/03  ,NON EUR1 CALIPER+WBK+CVJOINT+STSUP,209104,(GAZ) COMLINE IRELAND LIMITED,CBC279L,ΔΑΓΚΑΝΑ ΦΡΕΝΩΝ ΟΠΙΣΘΙΑ ΑΡΙΣΤΕΡΗ CHEVROLET,22.18,1.00,0.00,1,0.00,0.00,0,,0,,,0.00,IE0109001,,SPECIAL,0.00,0.00,0.00,3.00,1,161,UR
912650,82,2025/01/16  ,NON EUR1 CALIPER,215105,(GAZ) COMLINE IRELAND LIMITED,CBC279L,ΔΑΓΚΑΝΑ ΦΡΕΝΩΝ ΟΠΙΣΘΙΑ ΑΡΙΣΤΕΡΗ CHEVROLET,22.18,2.00,0.00,2,0.00,0.00,0,,0,,,0.00,IE0109001,,SPECIAL,0.00,0.00,0.00,3.00,1,161,UR
912653,60,2025/01/16  ,NON EUR1 CALIPER,215106,(GAZ) COMLINE IRELAND LIMITED,CBC388L,ΔΑΓΚΑΝΑ ΦΡΕΝΩΝ ΟΠΙΣΘΙΑ ΑΡΙΣΤΕΡΗ HYUNDAI,24.24,2.00,0.00,2,0.00,0.00,0,,0,,,0.00,IE0109001,,SPECIAL,0.00,0.00,0.00,2.00,1,161,UR
912653,47,2025/01/16  ,NON EUR1 CALIPER,215106,(GAZ) COMLINE IRELAND LIMITED,CBC333L,ΔΑΓΚΑΝΑ ΦΡΕΝΩΝ ΟΠΙΣΘΙΑ ΑΡΙΣΤΕΡΗ MITSUBISHI,21.17,2.00,0.00,2,0.00,0.00,0,,0,,,0.00,IE0109001,,SPECIAL,0.00,0.00,0.00,5.00,1,161,UR
904652,35,2024/11/19  ,NON EUR1 CALIPER + WBK + CVJOINT,206304,(GAZ) COMLINE IRELAND LIMITED,CBC333L,ΔΑΓΚΑΝΑ ΦΡΕΝΩΝ ΟΠΙΣΘΙΑ ΑΡΙΣΤΕΡΗ MITSUBISHI,21.17,2.00,0.00,2,0.00,0.00,0,,0,,,0.00,IE0109001,,SPECIAL,0.00,0.00,0.00,5.00,1,161,UR
912650,75,2025/01/16  ,NON EUR1 CALIPER,215105,(GAZ) COMLINE IRELAND LIMITED,CBC247L,ΔΑΓΚΑΝΑ ΦΡΕΝΩΝ ΟΠΙΣΘΙΑ ΑΡΙΣΤΕΡΗ NISSAN,20.39,2.00,0.00,2,0.00,0.00,0,,0,,,0.00,IE0109001,,SPECIAL,0.00,0.00,0.00,2.00,1,161,UR
904652,28,2024/11/19  ,NON EUR1 CALIPER + WBK + CVJOINT,206304,(GAZ) COMLINE IRELAND LIMITED,CBC236L,ΔΑΓΚΑΝΑ ΦΡΕΝΩΝ ΟΠΙΣΘΙΑ ΑΡΙΣΤΕΡΗ VW,17.69,2.00,0.00,2,0.00,0.00,0,,0,,,0.00,IE0109001,,SPECIAL,0.00,0.00,0.00,2.00,1,161,UR
912653,31,2025/01/16  ,NON EUR1 CALIPER,215106,(GAZ) COMLINE IRELAND LIMITED,CBC279R,ΔΑΓΚΑΝΑ ΦΡΕΝΩΝ ΟΠΙΣΘΙΑ ΔΕΞΙΑ CHEVROLET,22.18,3.00,0.00,3,0.00,0.00,0,,0,,,0.00,IE0109001,,SPECIAL,0.00,0.00,0.00,3.00,1,161,UR
900927,23,2024/10/29  ,NON EUR1 - CALIPER+CVJOINT+STSUP+WBK,202305,(GAZ) COMLINE IRELAND LIMITED,CBC124R,ΔΑΓΚΑΝΑ ΦΡΕΝΩΝ ΟΠΙΣΘΙΑ ΔΕΞΙΑ CITROEN,19.85,2.00,0.00,2,0.00,0.00,0,,0,,,0.00,IE0109001,,SPECIAL,0.00,0.00,0.00,10.00,1,161,UR
906952,24,2024/12/03  ,NON EUR1 CALIPER+WBK+CVJOINT+STSUP,209104,(GAZ) COMLINE IRELAND LIMITED,CBC124R,ΔΑΓΚΑΝΑ ΦΡΕΝΩΝ ΟΠΙΣΘΙΑ ΔΕΞΙΑ CITROEN,19.85,1.00,0.00,1,0.00,0.00,0,,0,,,0.00,IE0109001,,SPECIAL,0.00,0.00,0.00,10.00,1,161,UR
912653,61,2025/01/16  ,NON EUR1 CALIPER,215106,(GAZ) COMLINE IRELAND LIMITED,CBC388R,ΔΑΓΚΑΝΑ ΦΡΕΝΩΝ ΟΠΙΣΘΙΑ ΔΕΞΙΑ HYUNDAI,24.24,3.00,0.00,3,0.00,0.00,0,,0,,,0.00,IE0109001,,SPECIAL,0.00,0.00,0.00,3.00,1,161,UR
912653,62,2025/01/16  ,NON EUR1 CALIPER,215106,(GAZ) COMLINE IRELAND LIMITED,CBC391R,ΔΑΓΚΑΝΑ ΦΡΕΝΩΝ ΟΠΙΣΘΙΑ ΔΕΞΙΑ HYUNDAI,21.10,2.00,0.00,2,0.00,0.00,0,,0,,,0.00,IE0109001,,SPECIAL,0.00,0.00,0.00,2.00,1,161,UR
912653,48,2025/01/16  ,NON EUR1 CALIPER,215106,(GAZ) COMLINE IRELAND LIMITED,CBC333R,ΔΑΓΚΑΝΑ ΦΡΕΝΩΝ ΟΠΙΣΘΙΑ ΔΕΞΙΑ MITSUBISHI,21.17,2.00,0.00,2,0.00,0.00,0,,0,,,0.00,IE0109001,,SPECIAL,0.00,0.00,0.00,5.00,1,161,UR
904652,36,2024/11/19  ,NON EUR1 CALIPER + WBK + CVJOINT,206304,(GAZ) COMLINE IRELAND LIMITED,CBC333R,ΔΑΓΚΑΝΑ ΦΡΕΝΩΝ ΟΠΙΣΘΙΑ ΔΕΞΙΑ MITSUBISHI,21.17,2.00,0.00,2,0.00,0.00,0,,0,,,0.00,IE0109001,,SPECIAL,0.00,0.00,0.00,5.00,1,161,UR
904652,49,2024/11/19  ,NON EUR1 CALIPER + WBK + CVJOINT,206304,(GAZ) COMLINE IRELAND LIMITED,CBC626L,ΔΑΓΚΑΝΕΣ ΦΡΕΝΩΝ,19.92,2.00,0.00,2,0.00,0.00,0,,0,,,0.00,IE0109001,,SPECIAL,0.00,0.00,0.00,4.00,1,161,UR
896254,19,2024/10/01  ,NON EUR1 - CALIPER+CVJOINT+BRAKE DISC+WBK,196306,(GAZ) COMLINE IRELAND LIMITED,CBC565R,ΔΑΓΚΑΝΕΣ ΦΡΕΝΩΝ,21.38,2.00,0.00,2,0.00,0.00,0,,0,,,0.00,IE0109001,,SPECIAL,0.00,0.00,0.00,4.00,1,161,UR
912653,86,2025/01/16  ,NON EUR1 CALIPER,215106,(GAZ) COMLINE IRELAND LIMITED,CBC564L,ΔΑΓΚΑΝΕΣ ΦΡΕΝΩΝ,20.47,2.00,0.00,2,0.00,0.00,0,,0,,,0.00,IE0109001,,SPECIAL,0.00,0.00,0.00,2.00,1,161,UR
912653,87,2025/01/16  ,NON EUR1 CALIPER,215106,(GAZ) COMLINE IRELAND LIMITED,CBC565R,ΔΑΓΚΑΝΕΣ ΦΡΕΝΩΝ,21.38,2.00,0.00,2,0.00,0.00,0,,0,,,0.00,IE0109001,,SPECIAL,0.00,0.00,0.00,4.00,1,161,UR
912653,88,2025/01/16  ,NON EUR1 CALIPER,215106,(GAZ) COMLINE IRELAND LIMITED,CBC566L,ΔΑΓΚΑΝΕΣ ΦΡΕΝΩΝ,17.34,2.00,0.00,2,0.00,0.00,0,,0,,,0.00,IE0109001,,SPECIAL,0.00,0.00,0.00,2.00,1,161,UR
912653,89,2025/01/16  ,NON EUR1 CALIPER,215106,(GAZ) COMLINE IRELAND LIMITED,CBC566R,ΔΑΓΚΑΝΕΣ ΦΡΕΝΩΝ,17.34,2.00,0.00,2,0.00,0.00,0,,0,,,0.00,IE0109001,,SPECIAL,0.00,0.00,0.00,2.00,1,161,UR
912653,90,2025/01/16  ,NON EUR1 CALIPER,215106,(GAZ) COMLINE IRELAND LIMITED,CBC593R,ΔΑΓΚΑΝΕΣ ΦΡΕΝΩΝ,16.43,2.00,0.00,1,0.00,1.00,0,55015|1,0,,,0.00,IE0109001,,SPECIAL,0.00,0.00,0.00,1.00,1,161,UR
912653,91,2025/01/16  ,NON EUR1 CALIPER,215106,(GAZ) COMLINE IRELAND LIMITED,CBC626L,ΔΑΓΚΑΝΕΣ ΦΡΕΝΩΝ,19.92,2.00,0.00,2,0.00,0.00,0,,0,,,0.00,IE0109001,,SPECIAL,0.00,0.00,0.00,4.00,1,161,UR
912665,7,2025/01/16  ,NON EUR1 BRAKE DISC,215110,(GAZ) COMLINE IRELAND LIMITED,ADC1043V,ΔΙΣΚΟΠΛΑΚΑ ΕΜΠΡΟΣΘ.HYUNDAI,13.15,2.00,0.00,2,0.00,0.00,0,,0,,,0.00,IE0109001,,SLOW,0.00,30.00,0.00,5.00,1,161,TL
887241,8,2024/07/30  ,NON EUR1 BRAKE DISC,183807,(GAZ) COMLINE IRELAND LIMITED,ADC0550V,ΕΠΙΧΡΙΣΜΕΝΗ ΔΙΣΚΟΠΛΑΚΑ ΕΜΠΡΟΣΘ.HONDA,19.45,2.00,0.00,2,0.00,0.00,0,,0,,,0.00,IE0109001,,OBS,2.00,0.00,0.00,2.00,1,161,CAP
897547,37,2024/10/08  ,NON EUR1 BRAKE DISC+BRAKE PAD,197605,(GAZ) COMLINE IRELAND LIMITED,ADC1679V,ΕΠΙΧΡΙΣΜΕΝΗ ΔΙΣΚΟΠΛΑΚΑ ΕΜΠΡΟΣΘ.MERCEDES,28.37,6.00,0.00,4,0.00,2.00,0,,0,,,0.00,IE0109001,,V-SLOW,20.00,0.00,0.00,4.00,1,161,TL
912665,19,2025/01/16  ,NON EUR1 BRAKE DISC,215110,(GAZ) COMLINE IRELAND LIMITED,ADC1478,ΕΠΙΧΡΙΣΜΕΝΗ ΔΙΣΚΟΠΛΑΚΑ ΟΠΙΣΘ. AUDI,15.69,8.00,0.00,8,0.00,0.00,0,,0,,,0.00,IE0109001,,MED,6.00,0.00,4.00,46.00,1,161,CY
900931,49,2024/10/29  ,NON EUR1 - BRAKE DISC,202306,(GAZ) COMLINE IRELAND LIMITED,ADC1782V,ΕΠΙΧΡΙΣΜΕΝΗ ΔΙΣΚΟΠΛΑΚΑ ΟΠΙΣΘ. BMW,34.78,6.00,0.00,5,0.00,1.00,0,,0,,,0.00,IE0109001,,V-SLOW,8.00,0.00,3.00,6.00,1,161,TL
904655,47,2024/11/19  ,NON EUR1 BRAKE DISC + BRAKE PAD,206305,(GAZ) COMLINE IRELAND LIMITED,ADC1782V,ΕΠΙΧΡΙΣΜΕΝΗ ΔΙΣΚΟΠΛΑΚΑ ΟΠΙΣΘ. BMW,34.78,2.00,0.00,1,0.00,1.00,0,54113|1,0,,,0.00,IE0109001,,V-SLOW,8.00,0.00,3.00,6.00,1,161,TL
902082,82,2024/11/05  ,NON EUR1 BRAKE DISC,203406,(GAZ) COMLINE IRELAND LIMITED,ADC2723,ΕΠΙΧΡΙΣΜΕΝΗ ΔΙΣΚΟΠΛΑΚΑ ΟΠΙΣΘ. CITROEN,13.98,2.00,0.00,2,0.00,0.00,0,,0,,,0.00,IE0109001,,SLOW,6.00,0.00,4.00,26.00,1,161,TL
912665,40,2025/01/16  ,NON EUR1 BRAKE DISC,215110,(GAZ) COMLINE IRELAND LIMITED,ADC3002,ΕΠΙΧΡΙΣΜΕΝΗ ΔΙΣΚΟΠΛΑΚΑ ΟΠΙΣΘ. CITROEN-PEUGEOT,33.47,8.00,0.00,8,0.00,0.00,0,,0,,,0.00,IE0109001,,FAST,97.00,106.00,0.00,8.00,1,161,TL
902082,15,2024/11/05  ,NON EUR1 BRAKE DISC,203406,(GAZ) COMLINE IRELAND LIMITED,ADC1099,ΕΠΙΧΡΙΣΜΕΝΗ ΔΙΣΚΟΠΛΑΚΑ ΟΠΙΣΘ. HYUNDAI,15.81,2.00,0.00,1,0.00,1.00,0,,0,,,0.00,IE0109001,,V-SLOW,7.00,0.00,3.00,1.00,1,161,IBERICA
893465,49,2024/09/13  ,NON EUR1 BRAKE DISC,192401,(GAZ) COMLINE IRELAND LIMITED,ADC3035,ΕΠΙΧΡΙΣΜΕΝΗ ΔΙΣΚΟΠΛΑΚΑ ΟΠΙΣΘ.RENAULT,63.56,1.00,0.00,1,0.00,0.00,0,,0,,,0.00,IE0109001,,OBS,10.00,0.00,4.00,6.00,1,161,CAP
887241,81,2024/07/30  ,NON EUR1 BRAKE DISC,183807,(GAZ) COMLINE IRELAND LIMITED,ADC3035,ΕΠΙΧΡΙΣΜΕΝΗ ΔΙΣΚΟΠΛΑΚΑ ΟΠΙΣΘ.RENAULT,63.56,4.00,0.00,4,0.00,0.00,0,,0,,,0.00,IE0109001,,OBS,10.00,0.00,4.00,6.00,1,161,CAP
853556,65,2024/04/01  ,NON EUR1 - BRAKE DISC,144704,(GAZ) COMLINE IRELAND LIMITED,ADC3035,ΕΠΙΧΡΙΣΜΕΝΗ ΔΙΣΚΟΠΛΑΚΑ ΟΠΙΣΘ.RENAULT,61.29,4.00,0.00,1,0.00,3.00,0,,0,,,0.00,IE0109001,,OBS,10.00,0.00,4.00,6.00,1,161,CAP
895014,88,2024/09/24  ,TUR STSUP,194710,(GAZ) COMLINE IRELAND LIMITED,CTR3360,ΗΜΙΜΠΑΡΟ ΕΜΠΡ. R/L RENAULT,5.69,2.00,0.00,1,0.00,1.00,0,,0,,,0.00,IE0109001,,SPECIAL,0.00,0.00,0.00,5.00,1,161,IBERICA
912670,60,2025/01/16  ,TUR STSUP,215113,(GAZ) COMLINE IRELAND LIMITED,CTR3360,ΗΜΙΜΠΑΡΟ ΕΜΠΡ. R/L RENAULT,5.69,2.00,0.00,2,0.00,0.00,0,,0,,,0.00,IE0109001,,SPECIAL,0.00,0.00,0.00,5.00,1,161,IBERICA
912670,61,2025/01/16  ,TUR STSUP,215113,(GAZ) COMLINE IRELAND LIMITED,CTR3436,ΗΜΙΜΠΑΡΟ ΕΜΠΡ. ΕΣΩΤ. R/L  SKODA,5.48,6.00,0.00,3,0.00,3.00,0,,0,,,0.00,IE0109001,,SPECIAL,0.00,0.00,0.00,3.00,1,161,FORMPART
912670,49,2025/01/16  ,TUR STSUP,215113,(GAZ) COMLINE IRELAND LIMITED,CTR3103,ΗΜΙΜΠΑΡΟ ΕΜΠΡ. ΕΣΩΤ. R/L ALFA ROMEO,4.28,18.00,0.00,3,0.00,15.00,0,55024|15,0,,,0.00,IE0109001,CTR3464,WSL,0.00,59.00,0.00,9.00,1,161,AH
912670,57,2025/01/16  ,TUR STSUP,215113,(GAZ) COMLINE IRELAND LIMITED,CTR3210,ΗΜΙΜΠΑΡΟ ΕΜΠΡ. ΕΣΩΤ. R/L OPEL-SUZUKI,5.32,2.00,0.00,2,0.00,0.00,0,,0,,,0.00,IE0109001,,SLOW,0.00,0.00,0.00,28.00,1,161,AH
906952,80,2024/12/03  ,NON EUR1 CALIPER+WBK+CVJOINT+STSUP,209104,(GAZ) COMLINE IRELAND LIMITED,CHA299,ΜΟΥΑΓΙΕ ΕΜΠΡΟΣΘΙΟ  NISSAN,27.05,2.00,0.00,2,0.00,0.00,0,,0,,,0.00,IE0109001,,V-SLOW,1.00,0.00,0.00,2.00,1,161,CG
885447,50,2024/07/19  ,NON EUR1 - WBK,182002,(GAZ) COMLINE IRELAND LIMITED,CHA172,ΜΟΥΑΓΙΕ ΕΜΠΡΟΣΘΙΟ R/L ALFA ROMEO,13.71,13.00,0.00,4,0.00,9.00,0,51996|1,0,,,0.00,IE0109001,,V-SLOW,20.00,0.00,0.00,4.00,1,161,CG
885447,37,2024/07/19  ,NON EUR1 - WBK,182002,(GAZ) COMLINE IRELAND LIMITED,CHA122,ΜΟΥΑΓΙΕ ΕΜΠΡΟΣΘΙΟ R/L SKODA -VW,16.23,2.00,0.00,2,0.00,0.00,0,,0,,,0.00,IE0109001,,OBS,2.00,0.00,0.00,2.00,1,161,CAP
912649,10,2025/01/16  ,NON EUR1 WBK+CV JOINT,215104,(GAZ) COMLINE IRELAND LIMITED,CHA014,ΜΟΥΑΓΙΕ ΟΠΙΣΘΙΟ AUDI-SEAT-SKODA-VW,11.39,4.00,0.00,4,0.00,0.00,0,,0,,,0.00,IE0109001,,FAST,131.00,0.00,0.00,16.00,1,161,CG
912649,19,2025/01/16  ,NON EUR1 WBK+CV JOINT,215104,(GAZ) COMLINE IRELAND LIMITED,CHA128,ΜΟΥΑΓΙΕ ΟΠΙΣΘΙΟ CITROEN,13.53,4.00,0.00,4,0.00,0.00,0,,0,,,0.00,IE0109001,,V-SLOW,2.00,0.00,2.00,5.00,1,161,IBERICA
885447,41,2024/07/19  ,NON EUR1 - WBK,182002,(GAZ) COMLINE IRELAND LIMITED,CHA135,ΜΟΥΑΓΙΕ ΟΠΙΣΘΙΟ R/L CITROEN,14.25,8.00,0.00,6,0.00,2.00,0,,0,,,0.00,IE0109001,,V-SLOW,24.00,0.00,0.00,6.00,1,161,CG
902081,73,2024/11/05  ,NON EUR1 CALIPER + CVJOINT + STSUP + WBK,203405,(GAZ) COMLINE IRELAND LIMITED,CHA166,ΜΟΥΑΓΙΕ ΟΠΙΣΘΙΟ R/L FIAT - OPEL,14.91,1.00,0.00,1,0.00,0.00,0,,0,,,0.00,IE0109001,,V-SLOW,3.00,0.00,0.00,10.00,1,161,CG
898882,27,2024/10/15  ,NON EUR1 CALIPER+WBK+STSUP+CVJOINT,199208,(GAZ) COMLINE IRELAND LIMITED,CHA166,ΜΟΥΑΓΙΕ ΟΠΙΣΘΙΟ R/L FIAT - OPEL,14.91,2.00,0.00,2,0.00,0.00,0,,0,,,0.00,IE0109001,,V-SLOW,3.00,0.00,0.00,10.00,1,161,CG
912649,20,2025/01/16  ,NON EUR1 WBK+CV JOINT,215104,(GAZ) COMLINE IRELAND LIMITED,CHA166,ΜΟΥΑΓΙΕ ΟΠΙΣΘΙΟ R/L FIAT - OPEL,14.91,3.00,0.00,3,0.00,0.00,0,,0,,,0.00,IE0109001,,V-SLOW,3.00,0.00,0.00,10.00,1,161,CG
912669,14,2025/01/16  ,TUR STSUP,215112,(GAZ) COMLINE IRELAND LIMITED,CBJ7322,ΜΠΑΛΑΚΙ  ΕΜΠΡ. R/L ΚΑΤΩ DACIA,4.11,18.00,0.00,18,0.00,0.00,0,,0,,,0.00,IE0109001,,V-SLOW,15.00,0.00,2.00,20.00,1,161,MT
912669,13,2025/01/16  ,TUR STSUP,215112,(GAZ) COMLINE IRELAND LIMITED,CBJ7281,ΜΠΑΛΑΚΙ ΕΜΠΡ. R/L ΚΑΤΩ  RENAULT,5.65,2.00,0.00,2,0.00,0.00,0,,0,,,0.00,IE0109001,,SPECIAL,0.00,0.00,0.00,4.00,1,161,CAP
902090,1,2024/11/05  ,TUR STSUP,203413,(GAZ) COMLINE IRELAND LIMITED,CBJ7295,ΜΠΑΛΑΚΙ ΕΜΠΡ. R/L ΚΑΤΩ OPEL-PEUGEOT,6.90,2.00,0.00,2,0.00,0.00,0,,0,,,0.00,IE0109001,,SPECIAL,0.00,0.00,0.00,4.00,1,161,CAP
904670,7,2024/11/19  ,TUR STSUP,206311,(GAZ) COMLINE IRELAND LIMITED,CBJ7180,ΜΠΑΛΑΚΙ ΕΜΠΡ.-ΚΑΤΩ HONDA,4.49,4.00,0.00,2,0.00,2.00,0,54129|2,0,,,0.00,IE0109001,,V-SLOW,0.00,0.00,0.00,2.00,1,161,AH
853568,27,2024/04/01  ,TUR STSUP,144709,(GAZ) COMLINE IRELAND LIMITED,CBJ7151,ΜΠΑΛΑΚΙ ΕΜΠΡ.-ΚΑΤΩ R/L VW,9.84,4.00,0.00,4,0.00,0.00,0,,0,,,0.00,IE0109001,,UD,0.00,0.00,0.00,4.00,1,161,CAP
857730,68,2024/04/01  ,NON EUR1 - CVJOINT+BRAKE DISC+WBK,150206,(GAZ) COMLINE IRELAND LIMITED,ECV101,ΜΠΙΛΙΟΦΟΡΟΣ ΕΞ. SEAT-SKODA-VW,13.22,1.00,0.00,1,0.00,0.00,0,,0,,,0.00,IE0109001,,V-SLOW,0.00,0.00,0.00,1.00,1,161,CG
912668,60,2025/01/16  ,NON EUR1 BRAKE PAD,215111,(GAZ) COMLINE IRELAND LIMITED,CBP32277,ΣΕΤ ΔΙΣΚΟΦΡΕΝΑ OΠΙΣΘ. NISSAN - RENAULT,11.58,1.00,0.00,1,0.00,0.00,0,,0,,,0.00,IE0109001,AEV32277,SLOW,0.00,0.00,0.00,8.00,1,161,Z
906955,27,2024/12/03  ,NON EUR1 BRAKE PAD,209106,(GAZ) COMLINE IRELAND LIMITED,CBP03417,ΣΕΤ ΔΙΣΚΟΦΡΕΝΑ ΕΜΠΡ.  CITROEN-OPEL-PEUGEOT,10.35,3.00,0.00,3,0.00,0.00,0,,0,,,0.00,IE0109001,ADB03417,V-SLOW,0.00,0.00,0.00,10.00,1,161,CAP
912668,21,2025/01/16  ,NON EUR1 BRAKE PAD,215111,(GAZ) COMLINE IRELAND LIMITED,CBP02423,ΣΕΤ ΔΙΣΚΟΦΡΕΝΑ ΕΜΠΡ.  RENAULT,12.60,2.00,0.00,2,0.00,0.00,0,,0,,,0.00,IE0109001,ADB02423,V-SLOW,1.00,0.00,0.00,2.00,1,161,IBERICA
906955,44,2024/12/03  ,NON EUR1 BRAKE PAD,209106,(GAZ) COMLINE IRELAND LIMITED,CBP12213,ΣΕΤ ΔΙΣΚΟΦΡΕΝΑ ΕΜΠΡ. ALFA ROMEO,14.40,2.00,0.00,2,0.00,0.00,0,,0,,,0.00,IE0109001,ADB12213,V-SLOW,0.00,0.00,0.00,3.00,1,161,IBERICA
912668,20,2025/01/16  ,NON EUR1 BRAKE PAD,215111,(GAZ) COMLINE IRELAND LIMITED,CBP02389,ΣΕΤ ΔΙΣΚΟΦΡΕΝΑ ΕΜΠΡ. AUDI-SEAT-SKODA-VW,11.82,4.00,0.00,4,0.00,0.00,0,,0,,,0.00,IE0109001,ADB02389,SLOW,47.00,0.00,42.00,5.00,1,161,Z
853560,4,2024/04/01  ,NON EUR1 - BRAKE PAD,144706,(GAZ) COMLINE IRELAND LIMITED,CBP01092,ΣΕΤ ΔΙΣΚΟΦΡΕΝΑ ΕΜΠΡ. AUDI-SKODA-VW,11.42,2.00,0.00,2,0.00,0.00,0,,0,,,0.00,IE0109001,ADB01092,OBS,0.00,0.00,0.00,3.00,1,161,CAP
904661,65,2024/11/19  ,NON EUR1 BRAKE PAD,206306,(GAZ) COMLINE IRELAND LIMITED,CBP12047,ΣΕΤ ΔΙΣΚΟΦΡΕΝΑ ΕΜΠΡ. CITROEN-FIAT-PEUGEOT,9.40,2.00,0.00,2,0.00,0.00,0,,0,,,0.00,IE0109001,ADB12047,SLOW,33.00,0.00,0.00,6.00,1,161,Z
904661,46,2024/11/19  ,NON EUR1 BRAKE PAD,206306,(GAZ) COMLINE IRELAND LIMITED,CBP0509,ΣΕΤ ΔΙΣΚΟΦΡΕΝΑ ΕΜΠΡ. FIAT,5.82,7.00,0.00,4,0.00,3.00,0,54121|1,0,,,0.00,IE0109001,ADB0509,V-SLOW,53.00,0.00,0.00,4.00,1,161,Z
853560,13,2024/04/01  ,NON EUR1 - BRAKE PAD,144706,(GAZ) COMLINE IRELAND LIMITED,CBP01535,ΣΕΤ ΔΙΣΚΟΦΡΕΝΑ ΕΜΠΡ. FIAT,10.48,2.00,0.00,2,0.00,0.00,0,,0,,,0.00,IE0109001,,OBS,0.00,0.00,0.00,2.00,1,161,CAP
912668,30,2025/01/16  ,NON EUR1 BRAKE PAD,215111,(GAZ) COMLINE IRELAND LIMITED,CBP11600,ΣΕΤ ΔΙΣΚΟΦΡΕΝΑ ΕΜΠΡ. FIAT,8.29,5.00,0.00,5,0.00,0.00,0,,0,,,0.00,IE0109001,ADB11600,SLOW,2.00,0.00,0.00,8.00,1,161,Z
912668,31,2025/01/16  ,NON EUR1 BRAKE PAD,215111,(GAZ) COMLINE IRELAND LIMITED,CBP11703,ΣΕΤ ΔΙΣΚΟΦΡΕΝΑ ΕΜΠΡ. FIAT,9.68,1.00,0.00,1,0.00,0.00,0,,0,,,0.00,IE0109001,ADB11703,OBS,0.00,0.00,0.00,2.00,1,161,CAP
912668,9,2025/01/16  ,NON EUR1 BRAKE PAD,215111,(GAZ) COMLINE IRELAND LIMITED,CBP01783,ΣΕΤ ΔΙΣΚΟΦΡΕΝΑ ΕΜΠΡ. FIAT,7.24,11.00,0.00,11,0.00,0.00,0,,0,,,0.00,IE0109001,,V-SLOW,0.00,0.00,0.00,21.00,1,161,A
912668,55,2025/01/16  ,NON EUR1 BRAKE PAD,215111,(GAZ) COMLINE IRELAND LIMITED,CBP32104,ΣΕΤ ΔΙΣΚΟΦΡΕΝΑ ΕΜΠΡ. FIAT-LANCIA,9.87,2.00,0.00,2,0.00,0.00,0,,0,,,0.00,IE0109001,ADB32104,MED,1.00,0.00,0.00,4.00,1,161,Z
912668,39,2025/01/16  ,NON EUR1 BRAKE PAD,215111,(GAZ) COMLINE IRELAND LIMITED,CBP22214,ΣΕΤ ΔΙΣΚΟΦΡΕΝΑ ΕΜΠΡ. FORD,18.78,1.00,0.00,1,0.00,0.00,0,,0,,,0.00,IE0109001,ADB22214,SLOW,0.00,0.00,0.00,2.00,1,161,Z
912668,68,2025/01/16  ,NON EUR1 BRAKE PAD,215111,(GAZ) COMLINE IRELAND LIMITED,CBP3393,ΣΕΤ ΔΙΣΚΟΦΡΕΝΑ ΕΜΠΡ. FORD,6.06,3.00,0.00,3,0.00,0.00,0,,0,,,0.00,IE0109001,ADB3393,V-SLOW,0.00,0.00,0.00,8.00,1,161,Z
891555,65,2024/09/03  ,NON EUR1 BRAKE PAD,190306,(GAZ) COMLINE IRELAND LIMITED,CBP3393,ΣΕΤ ΔΙΣΚΟΦΡΕΝΑ ΕΜΠΡ. FORD,6.06,1.00,0.00,1,0.00,0.00,0,,0,,,0.00,IE0109001,ADB3393,V-SLOW,0.00,0.00,0.00,8.00,1,161,Z
912668,44,2025/01/16  ,NON EUR1 BRAKE PAD,215111,(GAZ) COMLINE IRELAND LIMITED,CBP31298,ΣΕΤ ΔΙΣΚΟΦΡΕΝΑ ΕΜΠΡ. HYUNDAI,7.03,3.00,0.00,3,0.00,0.00,0,,0,,,0.00,IE0109001,ADB31298,SLOW,0.00,0.00,0.00,10.00,1,161,A
880059,88,2024/06/18  ,NON EUR1 - BRAKE PAD,175907,(GAZ) COMLINE IRELAND LIMITED,CBP32493,ΣΕΤ ΔΙΣΚΟΦΡΕΝΑ ΕΜΠΡ. HYUNDAI-KIA,12.00,1.00,0.00,1,0.00,0.00,0,,0,,,0.00,IE0109001,ADB32493,V-SLOW,0.00,0.00,0.00,28.00,1,161,IBERICA
884776,12,2024/07/16  ,NON EUR1 STSUP+WBK+BRAKE PAD+CVJOINT,181206,(GAZ) COMLINE IRELAND LIMITED,CBP32493,ΣΕΤ ΔΙΣΚΟΦΡΕΝΑ ΕΜΠΡ. HYUNDAI-KIA,12.00,1.00,0.00,1,0.00,0.00,0,,0,,,0.00,IE0109001,ADB32493,V-SLOW,0.00,0.00,0.00,28.00,1,161,IBERICA
887246,61,2024/07/30  ,NON EUR1 BRAKE PAD,183809,(GAZ) COMLINE IRELAND LIMITED,CBP32493,ΣΕΤ ΔΙΣΚΟΦΡΕΝΑ ΕΜΠΡ. HYUNDAI-KIA,12.00,3.00,0.00,3,0.00,0.00,0,,0,,,0.00,IE0109001,ADB32493,V-SLOW,0.00,0.00,0.00,28.00,1,161,IBERICA
884772,86,2024/07/16  ,EUR1 OIL FILTER+AIR FILTER+CABIN FILTER+FUEL FILTER+BRAKE PAD,181203,(GAZ) COMLINE IRELAND LIMITED,CBP06113,ΣΕΤ ΔΙΣΚΟΦΡΕΝΑ ΕΜΠΡ. JEEP CHEROKEE (KL),18.72,1.00,0.00,1,0.00,0.00,0,,0,,,0.00,IE0109001,ADB06113,OBS,6.00,0.00,0.00,6.00,1,161,CAP
887230,1,2024/07/30  ,EUR1 - BRAKE PAD,183801,(GAZ) COMLINE IRELAND LIMITED,CBP06113,ΣΕΤ ΔΙΣΚΟΦΡΕΝΑ ΕΜΠΡ. JEEP CHEROKEE (KL),18.72,1.00,0.00,1,0.00,0.00,0,,0,,,0.00,IE0109001,ADB06113,OBS,6.00,0.00,0.00,6.00,1,161,CAP
876209,1,2024/05/28  ,EUR1 - BRAKE PAD+FUEL FILTER+OIL FILTER,172003,(GAZ) COMLINE IRELAND LIMITED,CBP06113,ΣΕΤ ΔΙΣΚΟΦΡΕΝΑ ΕΜΠΡ. JEEP CHEROKEE (KL),18.72,1.00,0.00,1,0.00,0.00,0,,0,,,0.00,IE0109001,ADB06113,OBS,6.00,0.00,0.00,6.00,1,161,CAP
895003,58,2024/09/24  ,NON EUR1 BRAKE PAD+BRAKE DISC,194706,(GAZ) COMLINE IRELAND LIMITED,CBP0873,ΣΕΤ ΔΙΣΚΟΦΡΕΝΑ ΕΜΠΡ. LAND ROVER,9.56,1.00,0.00,1,0.00,0.00,0,,0,,,0.00,IE0109001,ADB0873,V-SLOW,48.00,0.00,11.00,13.00,1,161,Z
900935,47,2024/10/29  ,NON EUR1 - BRAKE DISC+BRAKE PAD,202307,(GAZ) COMLINE IRELAND LIMITED,CBP0873,ΣΕΤ ΔΙΣΚΟΦΡΕΝΑ ΕΜΠΡ. LAND ROVER,9.56,1.00,0.00,1,0.00,0.00,0,,0,,,0.00,IE0109001,ADB0873,V-SLOW,48.00,0.00,11.00,13.00,1,161,Z
904661,51,2024/11/19  ,NON EUR1 BRAKE PAD,206306,(GAZ) COMLINE IRELAND LIMITED,CBP0873,ΣΕΤ ΔΙΣΚΟΦΡΕΝΑ ΕΜΠΡ. LAND ROVER,9.56,3.00,0.00,3,0.00,0.00,0,,0,,,0.00,IE0109001,ADB0873,V-SLOW,48.00,0.00,11.00,13.00,1,161,Z
912668,1,2025/01/16  ,NON EUR1 BRAKE PAD,215111,(GAZ) COMLINE IRELAND LIMITED,CBP01117,ΣΕΤ ΔΙΣΚΟΦΡΕΝΑ ΕΜΠΡ. MERCEDES,10.46,1.00,0.00,1,0.00,0.00,0,,0,,,0.00,IE0109001,ADB01117,SLOW,36.00,0.00,0.00,3.00,1,161,A
902084,66,2024/11/05  ,NON EUR1 BRAKE PAD,203408,(GAZ) COMLINE IRELAND LIMITED,CBP3462,ΣΕΤ ΔΙΣΚΟΦΡΕΝΑ ΕΜΠΡ. MITSUBISHI,8.82,1.00,0.00,1,0.00,0.00,0,,0,,,0.00,IE0109001,ADB3462,V-SLOW,0.00,0.00,0.00,12.00,1,161,CAP
902084,50,2024/11/05  ,NON EUR1 BRAKE PAD,203408,(GAZ) COMLINE IRELAND LIMITED,CBP32202,ΣΕΤ ΔΙΣΚΟΦΡΕΝΑ ΕΜΠΡ. NISSAN,13.50,3.00,0.00,3,0.00,0.00,0,,0,,,0.00,IE0109001,ADB32202,V-SLOW,42.00,0.00,11.00,5.00,1,161,Z
900935,83,2024/10/29  ,NON EUR1 - BRAKE DISC+BRAKE PAD,202307,(GAZ) COMLINE IRELAND LIMITED,CBP32202,ΣΕΤ ΔΙΣΚΟΦΡΕΝΑ ΕΜΠΡ. NISSAN,13.50,1.00,0.00,1,0.00,0.00,0,,0,,,0.00,IE0109001,ADB32202,V-SLOW,42.00,0.00,11.00,5.00,1,161,Z
906507,46,2024/12/01  ,NON EUR1 BACK ORDER,39123,(GAZ) COMLINE IRELAND LIMITED,CBP31520,ΣΕΤ ΔΙΣΚΟΦΡΕΝΑ ΕΜΠΡ. NISSAN,11.26,1.00,0.00,1,0.00,0.00,0,,0,,,0.00,IE0109001,ADB31520,V-SLOW,0.00,0.00,0.00,6.00,1,161,A
912668,56,2025/01/16  ,NON EUR1 BRAKE PAD,215111,(GAZ) COMLINE IRELAND LIMITED,CBP32202,ΣΕΤ ΔΙΣΚΟΦΡΕΝΑ ΕΜΠΡ. NISSAN,13.50,1.00,0.00,1,0.00,0.00,0,,0,,,0.00,IE0109001,ADB32202,V-SLOW,42.00,0.00,11.00,5.00,1,161,Z
912668,11,2025/01/16  ,NON EUR1 BRAKE PAD,215111,(GAZ) COMLINE IRELAND LIMITED,CBP02001,ΣΕΤ ΔΙΣΚΟΦΡΕΝΑ ΕΜΠΡ. RENAULT,10.06,4.00,0.00,4,0.00,0.00,0,,0,,,0.00,IE0109001,ADB02001,SLOW,48.00,0.00,0.00,10.00,1,161,Z
912646,2,2025/01/16  ,EUR1 BRAKE PAD,215101,(GAZ) COMLINE IRELAND LIMITED,CBP11539,ΣΕΤ ΔΙΣΚΟΦΡΕΝΑ ΕΜΠΡ. RENAULT,14.73,2.00,0.00,2,0.00,0.00,0,,0,,,0.00,IE0109001,ADB11539,OBS,0.00,0.00,0.00,3.00,1,161,CAP
902083,12,2024/11/05  ,NON EUR1 BRAKE PAD,203407,(GAZ) COMLINE IRELAND LIMITED,CBP01159,ΣΕΤ ΔΙΣΚΟΦΡΕΝΑ ΕΜΠΡ. RENAULT,8.70,1.00,0.00,1,0.00,0.00,0,,0,,,0.00,IE0109001,ADB01159,V-SLOW,0.00,0.00,1.00,1.00,1,161,A
853546,2,2024/04/01  ,EUR1 - BRAKE PAD,144701,(GAZ) COMLINE IRELAND LIMITED,CBP11539,ΣΕΤ ΔΙΣΚΟΦΡΕΝΑ ΕΜΠΡ. RENAULT,14.20,2.00,0.00,1,0.00,1.00,0,,0,,,0.00,IE0109001,ADB11539,OBS,0.00,0.00,0.00,3.00,1,161,CAP
912668,45,2025/01/16  ,NON EUR1 BRAKE PAD,215111,(GAZ) COMLINE IRELAND LIMITED,CBP31304,ΣΕΤ ΔΙΣΚΟΦΡΕΝΑ ΕΜΠΡ. SMART,11.88,2.00,0.00,2,0.00,0.00,0,,0,,,0.00,IE0109001,ADB31304,SLOW,24.00,0.00,0.00,6.00,1,161,A
912668,47,2025/01/16  ,NON EUR1 BRAKE PAD,215111,(GAZ) COMLINE IRELAND LIMITED,CBP31513,ΣΕΤ ΔΙΣΚΟΦΡΕΝΑ ΕΜΠΡ. SUZUKI,8.92,3.00,0.00,3,0.00,0.00,0,,0,,,0.00,IE0109001,ADB31513,SLOW,36.00,0.00,6.00,11.00,1,161,Z
900935,76,2024/10/29  ,NON EUR1 - BRAKE DISC+BRAKE PAD,202307,(GAZ) COMLINE IRELAND LIMITED,CBP31513,ΣΕΤ ΔΙΣΚΟΦΡΕΝΑ ΕΜΠΡ. SUZUKI,8.92,3.00,0.00,3,0.00,0.00,0,,0,,,0.00,IE0109001,ADB31513,SLOW,36.00,0.00,6.00,11.00,1,161,Z
912668,51,2025/01/16  ,NON EUR1 BRAKE PAD,215111,(GAZ) COMLINE IRELAND LIMITED,CBP32008,ΣΕΤ ΔΙΣΚΟΦΡΕΝΑ ΕΜΠΡ. SUZUKI-OPEL,8.75,1.00,0.00,1,0.00,0.00,0,,0,,,0.00,IE0109001,ADB32008,SLOW,1.00,0.00,0.00,5.00,1,161,Z
912668,28,2025/01/16  ,NON EUR1 BRAKE PAD,215111,(GAZ) COMLINE IRELAND LIMITED,CBP0944,ΣΕΤ ΔΙΣΚΟΦΡΕΝΑ ΕΜΠΡ. TOYOTA,8.79,7.00,0.00,7,0.00,0.00,0,,0,,,0.00,IE0109001,ADB0944,SLOW,2.00,0.00,0.00,12.00,1,161,A
882129,25,2024/07/02  ,NON EUR1 BRAKE PAD,178306,(GAZ) COMLINE IRELAND LIMITED,CBP02267,ΣΕΤ ΔΙΣΚΟΦΡΕΝΑ ΕΜΠΡ. TOYOTA - LEXUS,12.76,1.00,0.00,1,0.00,0.00,0,,0,,,0.00,IE0109001,ADB02267,V-SLOW,5.00,0.00,3.00,9.00,1,161,IBERICA
887243,40,2024/07/30  ,NON EUR1 BRAKE PAD,183808,(GAZ) COMLINE IRELAND LIMITED,CBP02267,ΣΕΤ ΔΙΣΚΟΦΡΕΝΑ ΕΜΠΡ. TOYOTA - LEXUS,12.76,1.00,0.00,1,0.00,0.00,0,,0,,,0.00,IE0109001,ADB02267,V-SLOW,5.00,0.00,3.00,9.00,1,161,IBERICA
890573,24,2024/08/27  ,NON EUR1 BRAKE PAD,189208,(GAZ) COMLINE IRELAND LIMITED,CBP02267,ΣΕΤ ΔΙΣΚΟΦΡΕΝΑ ΕΜΠΡ. TOYOTA - LEXUS,12.76,2.00,0.00,2,0.00,0.00,0,,0,,,0.00,IE0109001,ADB02267,V-SLOW,5.00,0.00,3.00,9.00,1,161,IBERICA
900935,37,2024/10/29  ,NON EUR1 - BRAKE DISC+BRAKE PAD,202307,(GAZ) COMLINE IRELAND LIMITED,CBP02399,ΣΕΤ ΔΙΣΚΟΦΡΕΝΑ ΕΜΠΡ. VOLVO,16.55,3.00,0.00,3,0.00,0.00,0,,0,,,0.00,IE0109001,ADB02399,V-SLOW,0.00,0.00,0.00,14.00,1,161,IBERICA
906955,26,2024/12/03  ,NON EUR1 BRAKE PAD,209106,(GAZ) COMLINE IRELAND LIMITED,CBP02854,ΣΕΤ ΔΙΣΚΟΦΡΕΝΑ ΕΜΠΡΟΣΘ. SKODA-VW,16.00,7.00,0.00,6,0.00,1.00,0,,0,,,0.00,IE0109001,ADB02854,V-SLOW,52.00,0.00,0.00,18.00,1,161,Z
912668,23,2025/01/16  ,NON EUR1 BRAKE PAD,215111,(GAZ) COMLINE IRELAND LIMITED,CBP02854,ΣΕΤ ΔΙΣΚΟΦΡΕΝΑ ΕΜΠΡΟΣΘ. SKODA-VW,16.00,14.00,0.00,12,0.00,2.00,0,55017|2,0,,,0.00,IE0109001,ADB02854,V-SLOW,52.00,0.00,0.00,18.00,1,161,Z
912668,35,2025/01/16  ,NON EUR1 BRAKE PAD,215111,(GAZ) COMLINE IRELAND LIMITED,CBP16013,ΣΕΤ ΔΙΣΚΟΦΡΕΝΑ ΟΠΙΣΘ. ALFA ROMEO,11.56,5.00,0.00,5,0.00,0.00,0,,0,,,0.00,IE0109001,ADB16013,V-SLOW,0.00,0.00,0.00,7.00,1,161,CAP
906955,46,2024/12/03  ,NON EUR1 BRAKE PAD,209106,(GAZ) COMLINE IRELAND LIMITED,CBP16013,ΣΕΤ ΔΙΣΚΟΦΡΕΝΑ ΟΠΙΣΘ. ALFA ROMEO,11.56,2.00,0.00,2,0.00,0.00,0,,0,,,0.00,IE0109001,ADB16013,V-SLOW,0.00,0.00,0.00,7.00,1,161,CAP
912668,38,2025/01/16  ,NON EUR1 BRAKE PAD,215111,(GAZ) COMLINE IRELAND LIMITED,CBP22121,ΣΕΤ ΔΙΣΚΟΦΡΕΝΑ ΟΠΙΣΘ. AUDI,13.45,2.00,0.00,1,0.00,1.00,0,55017|1,0,,,0.00,IE0109001,ADB22121,SLOW,0.00,0.00,0.00,29.00,1,161,Z
912668,24,2025/01/16  ,NON EUR1 BRAKE PAD,215111,(GAZ) COMLINE IRELAND LIMITED,CBP03697,ΣΕΤ ΔΙΣΚΟΦΡΕΝΑ ΟΠΙΣΘ. BMW,7.69,2.00,0.00,2,0.00,0.00,0,,0,,,0.00,IE0109001,ADB03697,SPECIAL,0.00,0.00,0.00,2.00,1,161,CAP
900935,44,2024/10/29  ,NON EUR1 - BRAKE DISC+BRAKE PAD,202307,(GAZ) COMLINE IRELAND LIMITED,CBP06092,ΣΕΤ ΔΙΣΚΟΦΡΕΝΑ ΟΠΙΣΘ. BMW,9.79,1.00,0.00,1,0.00,0.00,0,,0,,,0.00,IE0109001,ADB06092,SLOW,50.00,0.00,6.00,6.00,1,161,Z
902083,63,2024/11/05  ,NON EUR1 BRAKE PAD,203407,(GAZ) COMLINE IRELAND LIMITED,CBP06092,ΣΕΤ ΔΙΣΚΟΦΡΕΝΑ ΟΠΙΣΘ. BMW,9.79,2.00,0.00,2,0.00,0.00,0,,0,,,0.00,IE0109001,ADB06092,SLOW,50.00,0.00,6.00,6.00,1,161,Z
911500,106,2025/01/08  ,NON EUR1 - BACK ORDER,39269,(GAZ) COMLINE IRELAND LIMITED,CBP02318,ΣΕΤ ΔΙΣΚΟΦΡΕΝΑ ΟΠΙΣΘ. BMW-MINI,7.24,2.00,0.00,1,0.00,1.00,0,55025|1,0,,,0.00,IE0109001,ADB02318,SLOW,46.00,0.00,1.00,13.00,1,161,Z
906507,41,2024/12/01  ,NON EUR1 BACK ORDER,39123,(GAZ) COMLINE IRELAND LIMITED,CBP02318,ΣΕΤ ΔΙΣΚΟΦΡΕΝΑ ΟΠΙΣΘ. BMW-MINI,7.24,2.00,0.00,2,0.00,0.00,0,,0,,,0.00,IE0109001,ADB02318,SLOW,46.00,0.00,1.00,13.00,1,161,Z
912668,14,2025/01/16  ,NON EUR1 BRAKE PAD,215111,(GAZ) COMLINE IRELAND LIMITED,CBP02318,ΣΕΤ ΔΙΣΚΟΦΡΕΝΑ ΟΠΙΣΘ. BMW-MINI,7.24,2.00,0.00,2,0.00,0.00,0,,0,,,0.00,IE0109001,ADB02318,SLOW,46.00,0.00,1.00,13.00,1,161,Z
912646,1,2025/01/16  ,EUR1 BRAKE PAD,215101,(GAZ) COMLINE IRELAND LIMITED,CBP06100,ΣΕΤ ΔΙΣΚΟΦΡΕΝΑ ΟΠΙΣΘ. CHEVROLET,10.54,2.00,0.00,2,0.00,0.00,0,,0,,,0.00,IE0109001,ADB06100,OBS,0.00,0.00,0.00,8.00,1,161,CAP
902075,1,2024/11/05  ,EUR1 BRAKE PAD + WATER PUMP,203401,(GAZ) COMLINE IRELAND LIMITED,CBP06100,ΣΕΤ ΔΙΣΚΟΦΡΕΝΑ ΟΠΙΣΘ. CHEVROLET,10.54,1.00,0.00,1,0.00,0.00,0,,0,,,0.00,IE0109001,ADB06100,OBS,0.00,0.00,0.00,8.00,1,161,CAP
853546,1,2024/04/01  ,EUR1 - BRAKE PAD,144701,(GAZ) COMLINE IRELAND LIMITED,CBP06100,ΣΕΤ ΔΙΣΚΟΦΡΕΝΑ ΟΠΙΣΘ. CHEVROLET,10.16,2.00,0.00,1,0.00,1.00,0,,0,,,0.00,IE0109001,ADB06100,OBS,0.00,0.00,0.00,8.00,1,161,CAP
895003,44,2024/09/24  ,NON EUR1 BRAKE PAD+BRAKE DISC,194706,(GAZ) COMLINE IRELAND LIMITED,CBP01713,ΣΕΤ ΔΙΣΚΟΦΡΕΝΑ ΟΠΙΣΘ. CITROEN,7.05,6.00,0.00,6,0.00,0.00,0,,0,,,0.00,IE0109001,ADB01713,MED,37.00,0.00,11.00,44.00,1,161,A
896255,12,2024/10/01  ,NON EUR1 - BRAKE PAD,196307,(GAZ) COMLINE IRELAND LIMITED,CBP01713,ΣΕΤ ΔΙΣΚΟΦΡΕΝΑ ΟΠΙΣΘ. CITROEN,7.05,5.00,0.00,5,0.00,0.00,0,,0,,,0.00,IE0109001,ADB01713,MED,37.00,0.00,11.00,44.00,1,161,A
897543,29,2024/10/08  ,NON EUR1 BRAKE PAD,197604,(GAZ) COMLINE IRELAND LIMITED,CBP01713,ΣΕΤ ΔΙΣΚΟΦΡΕΝΑ ΟΠΙΣΘ. CITROEN,7.05,1.00,0.00,1,0.00,0.00,0,,0,,,0.00,IE0109001,ADB01713,MED,37.00,0.00,11.00,44.00,1,161,A
898886,31,2024/10/15  ,NON EUR1 BRAKE PAD,199210,(GAZ) COMLINE IRELAND LIMITED,CBP01713,ΣΕΤ ΔΙΣΚΟΦΡΕΝΑ ΟΠΙΣΘ. CITROEN,7.05,4.00,0.00,4,0.00,0.00,0,,0,,,0.00,IE0109001,ADB01713,MED,37.00,0.00,11.00,44.00,1,161,A
902083,34,2024/11/05  ,NON EUR1 BRAKE PAD,203407,(GAZ) COMLINE IRELAND LIMITED,CBP01713,ΣΕΤ ΔΙΣΚΟΦΡΕΝΑ ΟΠΙΣΘ. CITROEN,7.05,2.00,0.00,2,0.00,0.00,0,,0,,,0.00,IE0109001,ADB01713,MED,37.00,0.00,11.00,44.00,1,161,A
904661,28,2024/11/19  ,NON EUR1 BRAKE PAD,206306,(GAZ) COMLINE IRELAND LIMITED,CBP01713,ΣΕΤ ΔΙΣΚΟΦΡΕΝΑ ΟΠΙΣΘ. CITROEN,7.05,13.00,0.00,13,0.00,0.00,0,,0,,,0.00,IE0109001,ADB01713,MED,37.00,0.00,11.00,44.00,1,161,A
904661,95,2024/11/19  ,NON EUR1 BRAKE PAD,206306,(GAZ) COMLINE IRELAND LIMITED,CBP32235,ΣΕΤ ΔΙΣΚΟΦΡΕΝΑ ΟΠΙΣΘ. CITROEN-PEUGEOT,12.82,2.00,0.00,2,0.00,0.00,0,,0,,,0.00,IE0109001,ADB32235,SLOW,49.00,0.00,9.00,15.00,1,161,Z
902084,54,2024/11/05  ,NON EUR1 BRAKE PAD,203408,(GAZ) COMLINE IRELAND LIMITED,CBP32235,ΣΕΤ ΔΙΣΚΟΦΡΕΝΑ ΟΠΙΣΘ. CITROEN-PEUGEOT,12.82,2.00,0.00,2,0.00,0.00,0,,0,,,0.00,IE0109001,ADB32235,SLOW,49.00,0.00,9.00,15.00,1,161,Z
912668,58,2025/01/16  ,NON EUR1 BRAKE PAD,215111,(GAZ) COMLINE IRELAND LIMITED,CBP32234,ΣΕΤ ΔΙΣΚΟΦΡΕΝΑ ΟΠΙΣΘ. CITROEN-PEUGEOT,12.14,4.00,0.00,4,0.00,0.00,0,,0,,,0.00,IE0109001,AEV32234,SLOW,0.00,0.00,0.00,12.00,1,161,Z
912668,59,2025/01/16  ,NON EUR1 BRAKE PAD,215111,(GAZ) COMLINE IRELAND LIMITED,CBP32235,ΣΕΤ ΔΙΣΚΟΦΡΕΝΑ ΟΠΙΣΘ. CITROEN-PEUGEOT,12.82,1.00,0.00,1,0.00,0.00,0,,0,,,0.00,IE0109001,ADB32235,SLOW,49.00,0.00,9.00,15.00,1,161,Z
912668,65,2025/01/16  ,NON EUR1 BRAKE PAD,215111,(GAZ) COMLINE IRELAND LIMITED,CBP32416,ΣΕΤ ΔΙΣΚΟΦΡΕΝΑ ΟΠΙΣΘ. MAZDA,8.71,3.00,0.00,3,0.00,0.00,0,,0,,,0.00,IE0109001,,V-SLOW,5.00,0.00,3.00,13.00,1,161,IBERICA
894009,70,2024/09/18  ,NON EUR1 BRAKE PAD,192705,(GAZ) COMLINE IRELAND LIMITED,CBP32416,ΣΕΤ ΔΙΣΚΟΦΡΕΝΑ ΟΠΙΣΘ. MAZDA,8.71,2.00,0.00,2,0.00,0.00,0,,0,,,0.00,IE0109001,,V-SLOW,5.00,0.00,3.00,13.00,1,161,IBERICA
906955,67,2024/12/03  ,NON EUR1 BRAKE PAD,209106,(GAZ) COMLINE IRELAND LIMITED,CBP32416,ΣΕΤ ΔΙΣΚΟΦΡΕΝΑ ΟΠΙΣΘ. MAZDA,8.71,1.00,0.00,1,0.00,0.00,0,,0,,,0.00,IE0109001,,V-SLOW,5.00,0.00,3.00,13.00,1,161,IBERICA
890573,38,2024/08/27  ,NON EUR1 BRAKE PAD,189208,(GAZ) COMLINE IRELAND LIMITED,CBP06059,ΣΕΤ ΔΙΣΚΟΦΡΕΝΑ ΟΠΙΣΘ. MERCEDES,12.58,2.00,0.00,2,0.00,0.00,0,,0,,,0.00,IE0109001,ADB06059,V-SLOW,54.00,0.00,5.00,12.00,1,161,Z
853560,35,2024/04/01  ,NON EUR1 - BRAKE PAD,144706,(GAZ) COMLINE IRELAND LIMITED,CBP0309,ΣΕΤ ΔΙΣΚΟΦΡΕΝΑ ΟΠΙΣΘ. MERCEDES,6.53,2.00,0.00,2,0.00,0.00,0,,0,,,0.00,IE0109001,ADB0309,OBS,2.00,0.00,0.00,2.00,1,161,CAP
902083,61,2024/11/05  ,NON EUR1 BRAKE PAD,203407,(GAZ) COMLINE IRELAND LIMITED,CBP06059,ΣΕΤ ΔΙΣΚΟΦΡΕΝΑ ΟΠΙΣΘ. MERCEDES,12.58,1.00,0.00,1,0.00,0.00,0,,0,,,0.00,IE0109001,ADB06059,V-SLOW,54.00,0.00,5.00,12.00,1,161,Z
898886,41,2024/10/15  ,NON EUR1 BRAKE PAD,199210,(GAZ) COMLINE IRELAND LIMITED,CBP06059,ΣΕΤ ΔΙΣΚΟΦΡΕΝΑ ΟΠΙΣΘ. MERCEDES,12.58,1.00,0.00,1,0.00,0.00,0,,0,,,0.00,IE0109001,ADB06059,V-SLOW,54.00,0.00,5.00,12.00,1,161,Z
900935,43,2024/10/29  ,NON EUR1 - BRAKE DISC+BRAKE PAD,202307,(GAZ) COMLINE IRELAND LIMITED,CBP06059,ΣΕΤ ΔΙΣΚΟΦΡΕΝΑ ΟΠΙΣΘ. MERCEDES,12.58,2.00,0.00,2,0.00,0.00,0,,0,,,0.00,IE0109001,ADB06059,V-SLOW,54.00,0.00,5.00,12.00,1,161,Z
912668,26,2025/01/16  ,NON EUR1 BRAKE PAD,215111,(GAZ) COMLINE IRELAND LIMITED,CBP06059,ΣΕΤ ΔΙΣΚΟΦΡΕΝΑ ΟΠΙΣΘ. MERCEDES,12.58,3.00,0.00,3,0.00,0.00,0,,0,,,0.00,IE0109001,ADB06059,V-SLOW,54.00,0.00,5.00,12.00,1,161,Z
853560,8,2024/04/01  ,NON EUR1 - BRAKE PAD,144706,(GAZ) COMLINE IRELAND LIMITED,CBP0117,ΣΕΤ ΔΙΣΚΟΦΡΕΝΑ ΟΠΙΣΘ. OPEL,7.32,2.00,0.00,2,0.00,0.00,0,,0,,,0.00,IE0109001,ADB0117,OBS,0.00,0.00,0.00,4.00,1,161,CAP
902084,71,2024/11/05  ,NON EUR1 BRAKE PAD,203408,(GAZ) COMLINE IRELAND LIMITED,CBP3841,ΣΕΤ ΔΙΣΚΟΦΡΕΝΑ ΟΠΙΣΘ. TOYOTA,6.53,2.00,0.00,2,0.00,0.00,0,,0,,,0.00,IE0109001,ADB3841,SLOW,0.00,0.00,0.00,10.00,1,161,A
912668,5,2025/01/16  ,NON EUR1 BRAKE PAD,215111,(GAZ) COMLINE IRELAND LIMITED,CBP01581,ΣΕΤ ΔΙΣΚΟΦΡΕΝΑ ΟΠΙΣΘ. TOYOTA,10.30,8.00,0.00,8,0.00,0.00,0,,0,,,0.00,IE0109001,ADB01581,V-SLOW,0.00,0.00,0.00,9.00,1,161,A
906955,29,2024/12/03  ,NON EUR1 BRAKE PAD,209106,(GAZ) COMLINE IRELAND LIMITED,CBP06027,ΣΕΤ ΔΙΣΚΟΦΡΕΝΑ ΟΠΙΣΘ. VOLVO,11.36,1.00,0.00,1,0.00,0.00,0,,0,,,0.00,IE0109001,ADB06027,V-SLOW,0.00,0.00,0.00,18.00,1,161,Z
880940,44,2024/06/25  ,NON EUR1 - BRAKE PAD,176810,(GAZ) COMLINE IRELAND LIMITED,CBP12015,ΣΕΤ ΔΙΣΚΟΦΡΕΝΑ ΟΠΙΣΘ. VW,12.51,1.00,0.00,1,0.00,0.00,0,,0,,,0.00,IE0109001,ADB12015,V-SLOW,0.00,0.00,0.00,3.00,1,161,CAP
887243,41,2024/07/30  ,NON EUR1 BRAKE PAD,183808,(GAZ) COMLINE IRELAND LIMITED,CBP02335,ΣΕΤ ΔΙΣΚΟΦΡΕΝΑ ΟΠΙΣΘ.PEUGEOT,7.76,3.00,0.00,1,0.00,2.00,0,,0,,,0.00,IE0109001,ADB02335,V-SLOW,50.00,0.00,5.00,11.00,1,161,Z
891555,31,2024/09/03  ,NON EUR1 BRAKE PAD,190306,(GAZ) COMLINE IRELAND LIMITED,CBP02335,ΣΕΤ ΔΙΣΚΟΦΡΕΝΑ ΟΠΙΣΘ.PEUGEOT,7.76,2.00,0.00,2,0.00,0.00,0,,0,,,0.00,IE0109001,ADB02335,V-SLOW,50.00,0.00,5.00,11.00,1,161,Z
890573,25,2024/08/27  ,NON EUR1 BRAKE PAD,189208,(GAZ) COMLINE IRELAND LIMITED,CBP02335,ΣΕΤ ΔΙΣΚΟΦΡΕΝΑ ΟΠΙΣΘ.PEUGEOT,7.76,2.00,0.00,2,0.00,0.00,0,,0,,,0.00,IE0109001,ADB02335,V-SLOW,50.00,0.00,5.00,11.00,1,161,Z
902083,51,2024/11/05  ,NON EUR1 BRAKE PAD,203407,(GAZ) COMLINE IRELAND LIMITED,CBP02335,ΣΕΤ ΔΙΣΚΟΦΡΕΝΑ ΟΠΙΣΘ.PEUGEOT,7.76,1.00,0.00,1,0.00,0.00,0,,0,,,0.00,IE0109001,ADB02335,V-SLOW,50.00,0.00,5.00,11.00,1,161,Z
912668,15,2025/01/16  ,NON EUR1 BRAKE PAD,215111,(GAZ) COMLINE IRELAND LIMITED,CBP02335,ΣΕΤ ΔΙΣΚΟΦΡΕΝΑ ΟΠΙΣΘ.PEUGEOT,7.76,1.00,0.00,1,0.00,0.00,0,,0,,,0.00,IE0109001,ADB02335,V-SLOW,50.00,0.00,5.00,11.00,1,161,Z
885441,13,2024/07/19  ,NON EUR1 - WBK,182001,(GAZ) COMLINE IRELAND LIMITED,CBK023,ΣΕΤ ΡΟΥΛΕΜΑΝ ΕΜΠΡΟΣΘΙΟΥ ΤΡΟΧΟΥ CITROEN-FIAT-PEUGEOT,9.34,2.00,0.00,2,0.00,0.00,0,,0,,,0.00,IE0109001,,OBS,2.00,0.00,0.00,2.00,1,161,CAP
885441,33,2024/07/19  ,NON EUR1 - WBK,182001,(GAZ) COMLINE IRELAND LIMITED,CBK102,ΣΕΤ ΡΟΥΛΕΜΑΝ ΟΠΙΣΘΙΟΥ ΤΡΟΧΟΥ CITROEN-FIAT-PEUGEOT,5.05,2.00,0.00,2,0.00,0.00,0,,0,,,0.00,IE0109001,,OBS,0.00,0.00,0.00,2.00,1,161,CAP
912649,6,2025/01/16  ,NON EUR1 WBK+CV JOINT,215104,(GAZ) COMLINE IRELAND LIMITED,CBK208,ΣΕΤ ΡΟΥΛΕΜΑΝ ΤΡΟΧΟΥ ΕΜΠΡ. DAIHATSU - ΤΟΥΟΤΑ,7.21,1.00,0.00,1,0.00,0.00,0,,0,,,0.00,IE0109001,,FAST,39.00,0.00,0.00,1.00,1,161,CG
912663,76,2025/01/16  ,NON EUR1 AIR FILTER,215108,(GAZ) COMLINE IRELAND LIMITED,EAF788,ΦΙΛΤΡΟ ΑΕΡΟΣ  FIAT,4.31,7.00,0.00,7,0.00,0.00,0,,0,,,0.00,IE0109001,EAF763,OBS,28.00,0.00,0.00,79.00,1,161,BQ
907013,31,2024/12/03  ,NON EUR1 AIR FILTER,209107,(GAZ) COMLINE IRELAND LIMITED,EAF1025,ΦΙΛΤΡΟ ΑΕΡΟΣ  KIA - HYUNDAI,4.05,1.00,0.00,1,0.00,0.00,0,,0,,,0.00,IE0109001,,SLOW,29.00,0.00,29.00,147.00,1,161,BQ
912663,31,2025/01/16  ,NON EUR1 AIR FILTER,215108,(GAZ) COMLINE IRELAND LIMITED,EAF1029,ΦΙΛΤΡΟ ΑΕΡΟΣ  TOYOTA,3.95,9.00,0.00,9,0.00,0.00,0,,0,,,0.00,IE0109001,,V-SLOW,9.00,0.00,6.00,30.00,1,161,JW
912664,14,2025/01/16  ,NON EUR1 AIR FILTER + FUEL FILTER,215109,(GAZ) COMLINE IRELAND LIMITED,EAF976,ΦΙΛΤΡΟ ΑΕΡΟΣ AUDI,5.68,5.00,0.00,5,0.00,0.00,0,,0,,,0.00,IE0109001,,V-SLOW,7.00,0.00,3.00,11.00,1,161,CAP
886188,46,2024/07/23  ,NON EUR1 AIR FILTER+CABIN FILTER,182611,(GAZ) COMLINE IRELAND LIMITED,EAF738,ΦΙΛΤΡΟ ΑΕΡΟΣ CHEVROLET,3.38,1.00,0.00,1,0.00,0.00,0,,0,,,0.00,IE0109001,,OBS,0.00,0.00,0.00,7.00,1,161,CAP
887248,38,2024/07/30  ,NON EUR1 AIR FILTER+CABIN FILTER,183810,(GAZ) COMLINE IRELAND LIMITED,EAF738,ΦΙΛΤΡΟ ΑΕΡΟΣ CHEVROLET,3.38,2.00,0.00,2,0.00,0.00,0,,0,,,0.00,IE0109001,,OBS,0.00,0.00,0.00,7.00,1,161,CAP
884778,36,2024/07/16  ,NON EUR1 AIR FILTER+CABIN FILTER,181207,(GAZ) COMLINE IRELAND LIMITED,EAF738,ΦΙΛΤΡΟ ΑΕΡΟΣ CHEVROLET,3.38,1.00,0.00,1,0.00,0.00,0,,0,,,0.00,IE0109001,,OBS,0.00,0.00,0.00,7.00,1,161,CAP
912647,16,2025/01/16  ,EUR1 AIR FILTER + CABIN FILTER,215102,(GAZ) COMLINE IRELAND LIMITED,EAF604,ΦΙΛΤΡΟ ΑΕΡΟΣ CITROEN-FORD-MAZDA-PEUGEOT-TOYOTA,2.95,1.00,0.00,1,0.00,0.00,0,,0,,,0.00,IE0109001,EAF444,OBS,0.00,0.00,0.00,26.00,1,161,BQ
898889,2,2024/10/15  ,NON EUR1 AIR FILTER,199211,(GAZ) COMLINE IRELAND LIMITED,CDW12106,ΦΙΛΤΡΟ ΑΕΡΟΣ DAEWOO,3.86,1.00,0.00,1,0.00,0.00,0,,0,,,0.00,IE0109001,,OBS,4.00,0.00,0.00,7.00,1,161,CAP
912647,10,2025/01/16  ,EUR1 AIR FILTER + CABIN FILTER,215102,(GAZ) COMLINE IRELAND LIMITED,EAF1041,ΦΙΛΤΡΟ ΑΕΡΟΣ MERCEDES,6.41,2.00,0.00,2,0.00,0.00,0,,0,,,0.00,IE0109001,,V-SLOW,84.00,0.00,9.00,4.00,1,161,FL
912647,25,2025/01/16  ,EUR1 AIR FILTER + CABIN FILTER,215102,(GAZ) COMLINE IRELAND LIMITED,EKF111,ΦΙΛΤΡΟ ΚΑΜΠΙΝΑΣ RENAULT,3.41,2.00,0.00,2,0.00,0.00,0,,0,,,0.00,IE0109001,,OBS,5.00,0.00,0.00,7.00,1,161,CAP
906950,3,2024/12/03  ,EUR1 CABIN FILTER,209102,(GAZ) COMLINE IRELAND LIMITED,EKF111,ΦΙΛΤΡΟ ΚΑΜΠΙΝΑΣ RENAULT,3.41,3.00,0.00,3,0.00,0.00,0,,0,,,0.00,IE0109001,,OBS,5.00,0.00,0.00,7.00,1,161,CAP
890566,8,2024/08/27  ,EUR1 CABIN FILTER,189202,(GAZ) COMLINE IRELAND LIMITED,EKF111,ΦΙΛΤΡΟ ΚΑΜΠΙΝΑΣ RENAULT,3.41,2.00,0.00,2,0.00,0.00,0,,0,,,0.00,IE0109001,,OBS,5.00,0.00,0.00,7.00,1,161,CAP
912647,65,2025/01/16  ,EUR1 AIR FILTER + CABIN FILTER,215102,(GAZ) COMLINE IRELAND LIMITED,EKF422A,ΦΙΛΤΡΟ ΚΑΜΠΙΝΑΣ ΑΝΘΡΑΚΑ  TOYOTA-MAZDA-SUZUKI-LEXUS,2.89,2.00,0.00,2,0.00,0.00,0,,0,,,0.00,IE0109001,,FAST,448.00,0.00,4.00,339.00,1,161,FL
853551,86,2024/04/01  ,EUR1 - AIR FILTER+CABIN FILTER,144702,(GAZ) COMLINE IRELAND LIMITED,EKF383A,ΦΙΛΤΡΟ ΚΑΜΠΙΝΑΣ ΑΝΘΡΑΚΑ MERCEDES,6.38,3.00,0.00,3,0.00,0.00,0,,0,,,0.00,IE0109001,,OBS,0.00,0.00,0.00,16.00,1,161,CAP
912664,22,2025/01/16  ,NON EUR1 AIR FILTER + FUEL FILTER,215109,(GAZ) COMLINE IRELAND LIMITED,EFF012,ΦΙΛΤΡΟ ΚΑΥΣΙΜΟΥ UNIVERSAL,0.51,30.00,0.00,30,0.00,0.00,0,,0,,,0.00,IE0109001,,SLOW,11.00,0.00,0.00,122.00,1,161,WU
884781,31,2024/07/16  ,NON EUR1 FUEL FILTER+OIL FILTER,181208,(GAZ) COMLINE IRELAND LIMITED,EFF314D,ΦΙΛΤΡΟ ΚΑΥΣΙΜΟΥ VOLVO,17.44,10.00,0.00,10,0.00,0.00,0,,0,,,0.00,IE0109001,,V-SLOW,0.00,0.00,0.00,144.00,1,161,JW
887251,41,2024/07/30  ,NON EUR1 FUEL FILTER+OIL FILTER,183811,(GAZ) COMLINE IRELAND LIMITED,EFF314D,ΦΙΛΤΡΟ ΚΑΥΣΙΜΟΥ VOLVO,17.44,13.00,0.00,13,0.00,0.00,0,,0,,,0.00,IE0109001,,V-SLOW,0.00,0.00,0.00,144.00,1,161,JW
890577,49,2024/08/27  ,NON EUR1 FUEL FILTER,189212,(GAZ) COMLINE IRELAND LIMITED,EFF314D,ΦΙΛΤΡΟ ΚΑΥΣΙΜΟΥ VOLVO,17.44,14.00,0.00,14,0.00,0.00,0,,0,,,0.00,IE0109001,,V-SLOW,0.00,0.00,0.00,144.00,1,161,JW
891562,38,2024/09/03  ,NON EUR1 FUEL FILTER+CABIN FILTER,190309,(GAZ) COMLINE IRELAND LIMITED,EFF314D,ΦΙΛΤΡΟ ΚΑΥΣΙΜΟΥ VOLVO,17.44,1.00,0.00,1,0.00,0.00,0,,0,,,0.00,IE0109001,,V-SLOW,0.00,0.00,0.00,144.00,1,161,JW
912658,52,2025/01/16  ,NON EUR1 OIL FILTER + CABIN FILTER,215107,(GAZ) COMLINE IRELAND LIMITED,EOF011,ΦΙΛΤΡΟ ΛΑΔΙΟΥ DAEWOO-MERCEDES-SSANG YONG,2.54,7.00,0.00,7,0.00,0.00,0,,0,,,0.00,IE0109001,,SLOW,6.00,0.00,0.00,166.00,1,161,FL
912669,49,2025/01/16  ,TUR STSUP,215112,(GAZ) COMLINE IRELAND LIMITED,CCA2471R,ΨΑΛΙΔΙ  ΕΜΠΡ. ΔΕΞΙ ΑΝΩ ΕΜΠΡΟΣ AUDI,12.23,1.00,0.00,1,0.00,0.00,0,,0,,,0.00,IE0109001,,SPECIAL,2.00,0.00,0.00,7.00,1,161,CAP
907025,54,2024/12/03  ,TUR STSUP,209111,(GAZ) COMLINE IRELAND LIMITED,CCA2471R,ΨΑΛΙΔΙ  ΕΜΠΡ. ΔΕΞΙ ΑΝΩ ΕΜΠΡΟΣ AUDI,12.23,3.00,0.00,3,0.00,0.00,0,,0,,,0.00,IE0109001,,SPECIAL,2.00,0.00,0.00,7.00,1,161,CAP
902090,73,2024/11/05  ,TUR STSUP,203413,(GAZ) COMLINE IRELAND LIMITED,CCA1489L,ΨΑΛΙΔΙ ΕΜΠΡ. ΑΡΙΣΤΕΡΟ ΚΑΤΩ CITROEN-PEUGEOT-OPEL-TOYOTA,35.63,1.00,0.00,1,0.00,0.00,0,,0,,,0.00,IE0109001,,V-SLOW,0.00,0.00,0.00,2.00,1,161,CAP
912669,45,2025/01/16  ,TUR STSUP,215112,(GAZ) COMLINE IRELAND LIMITED,CCA2249,ΨΑΛΙΔΙ ΕΜΠΡ. ΔΕΞΙ - ΚΑΤΩ AUDI,23.85,6.00,0.00,6,0.00,0.00,0,,0,,,0.00,IE0109001,,V-SLOW,0.00,0.00,0.00,6.00,1,161,AH
904670,18,2024/11/19  ,TUR STSUP,206311,(GAZ) COMLINE IRELAND LIMITED,CCA2248,ΨΑΛΙΔΙ ΕΜΠΡ. ΔΕΞΙ - ΚΑΤΩ ΠΙΣΩ AUDI,41.69,1.00,0.00,1,0.00,0.00,0,,0,,,0.00,IE0109001,,SLOW,0.00,0.00,0.00,15.00,1,161,AH
907025,35,2024/12/03  ,TUR STSUP,209111,(GAZ) COMLINE IRELAND LIMITED,CCA2380R,ΨΑΛΙΔΙ ΕΜΠΡ. ΔΕΞΙ AUDI-SEAT-SKODA-VW,21.54,1.00,0.00,1,0.00,0.00,0,,0,,,0.00,IE0109001,,V-SLOW,0.00,0.00,0.00,8.00,1,161,AH
912669,48,2025/01/16  ,TUR STSUP,215112,(GAZ) COMLINE IRELAND LIMITED,CCA2380R,ΨΑΛΙΔΙ ΕΜΠΡ. ΔΕΞΙ AUDI-SEAT-SKODA-VW,21.54,1.00,0.00,1,0.00,0.00,0,,0,,,0.00,IE0109001,,V-SLOW,0.00,0.00,0.00,8.00,1,161,AH
912669,37,2025/01/16  ,TUR STSUP,215112,(GAZ) COMLINE IRELAND LIMITED,CCA2081,ΨΑΛΙΔΙ ΕΜΠΡ. ΔΕΞΙ FORD,38.24,1.00,0.00,1,0.00,0.00,0,,0,,,0.00,IE0109001,,V-SLOW,4.00,0.00,0.00,4.00,1,161,IBERICA
907025,23,2024/12/03  ,TUR STSUP,209111,(GAZ) COMLINE IRELAND LIMITED,CCA2081,ΨΑΛΙΔΙ ΕΜΠΡ. ΔΕΞΙ FORD,38.24,4.00,0.00,3,0.00,1.00,0,54379|1,0,,,0.00,IE0109001,,V-SLOW,4.00,0.00,0.00,4.00,1,161,IBERICA
902090,37,2024/11/05  ,TUR STSUP,203413,(GAZ) COMLINE IRELAND LIMITED,CCA2287R,ΨΑΛΙΔΙ ΕΜΠΡ. ΔΕΞΙ FORD,48.73,1.00,0.00,1,0.00,0.00,0,,0,,,0.00,IE0109001,,V-SLOW,0.00,0.00,0.00,7.00,1,161,CAP
898899,18,2024/10/15  ,TUR STSUP,199217,(GAZ) COMLINE IRELAND LIMITED,CCA2287R,ΨΑΛΙΔΙ ΕΜΠΡ. ΔΕΞΙ FORD,48.73,1.00,0.00,1,0.00,0.00,0,,0,,,0.00,IE0109001,,V-SLOW,0.00,0.00,0.00,7.00,1,161,CAP
894018,36,2024/09/18  ,TUR - STSUP,192709,(GAZ) COMLINE IRELAND LIMITED,CCA2287R,ΨΑΛΙΔΙ ΕΜΠΡ. ΔΕΞΙ FORD,48.73,2.00,0.00,1,0.00,1.00,0,,0,,,0.00,IE0109001,,V-SLOW,0.00,0.00,0.00,7.00,1,161,CAP
907025,27,2024/12/03  ,TUR STSUP,209111,(GAZ) COMLINE IRELAND LIMITED,CCA2141,ΨΑΛΙΔΙ ΕΜΠΡ. ΔΕΞΙ LAND ROVER,27.86,3.00,0.00,1,0.00,2.00,0,54379|2,0,,,0.00,IE0109001,,V-SLOW,6.00,0.00,0.00,1.00,1,161,IBERICA
900951,34,2024/10/29  ,TUR - STSUP,202311,(GAZ) COMLINE IRELAND LIMITED,CCA2256,ΨΑΛΙΔΙ ΕΜΠΡ.ΔΕΞΙ AUDI-VW-SEAT-SKODA,16.84,9.00,0.00,1,0.00,8.00,0,53759|8,0,,,0.00,IE0109001,,V-SLOW,0.00,0.00,0.00,5.00,1,161,AH
912669,47,2025/01/16  ,TUR STSUP,215112,(GAZ) COMLINE IRELAND LIMITED,CCA2372R,ΨΑΛΙΔΙ ΟΠΙΣΘ.  ΔΕΞΙ  BMW,12.51,2.00,0.00,1,0.00,1.00,0,,0,,,0.00,IE0109001,,SPECIAL,1.00,0.00,0.00,3.00,1,161,IBERICA
912669,26,2025/01/16  ,TUR STSUP,215112,(GAZ) COMLINE IRELAND LIMITED,CCA1372L,ΨΑΛΙΔΙ ΟΠΙΣΘ. ΑΡΙΣΤΕΡΟ BMW,12.51,8.00,0.00,1,0.00,7.00,0,,0,,,0.00,IE0109001,,SPECIAL,1.00,0.00,0.00,1.00,1,161,IBERICA
912669,24,2025/01/16  ,TUR STSUP,215112,(GAZ) COMLINE IRELAND LIMITED,CCA1162,ΨΑΛΙΔΙ ΟΠΙΣΘ. ΑΡΙΣΤΕΡΟ-ΚΑΤΩ AUDI-SEAT-SKODA-VW,9.89,1.00,0.00,1,0.00,0.00,0,,0,,,0.00,IE0109001,,SLOW,0.00,0.00,0.00,33.00,1,161,AH
900951,45,2024/10/29  ,TUR - STSUP,202311,(GAZ) COMLINE IRELAND LIMITED,CCA1162,ΨΑΛΙΔΙ ΟΠΙΣΘ. ΑΡΙΣΤΕΡΟ-ΚΑΤΩ AUDI-SEAT-SKODA-VW,9.89,8.00,0.00,8,0.00,0.00,0,,0,,,0.00,IE0109001,,SLOW,0.00,0.00,0.00,33.00,1,161,AH
890579,43,2024/08/27  ,TUR STSUP,189214,(GAZ) COMLINE IRELAND LIMITED,CCA2162,ΨΑΛΙΔΙ ΟΠΙΣΘ. ΔΕΞΙ-ΚΑΤΩ AUDI-SEAT-SKODA-VW,9.89,2.00,0.00,2,0.00,0.00,0,,0,,,0.00,IE0109001,,SLOW,0.00,0.00,0.00,43.00,1,161,AH
888433,42,2024/08/06  ,TUR STSUP,185010,(GAZ) COMLINE IRELAND LIMITED,CCA2162,ΨΑΛΙΔΙ ΟΠΙΣΘ. ΔΕΞΙ-ΚΑΤΩ AUDI-SEAT-SKODA-VW,9.89,5.00,0.00,5,0.00,0.00,0,,0,,,0.00,IE0109001,,SLOW,0.00,0.00,0.00,43.00,1,161,AH
887252,46,2024/07/30  ,TUR STSUP,183812,(GAZ) COMLINE IRELAND LIMITED,CCA2162,ΨΑΛΙΔΙ ΟΠΙΣΘ. ΔΕΞΙ-ΚΑΤΩ AUDI-SEAT-SKODA-VW,9.89,3.00,0.00,3,0.00,0.00,0,,0,,,0.00,IE0109001,,SLOW,0.00,0.00,0.00,43.00,1,161,AH
877443,50,2024/06/04  ,TUR - STSUP,173413,(GAZ) COMLINE IRELAND LIMITED,CCA2162,ΨΑΛΙΔΙ ΟΠΙΣΘ. ΔΕΞΙ-ΚΑΤΩ AUDI-SEAT-SKODA-VW,9.89,7.00,0.00,7,0.00,0.00,0,,0,,,0.00,IE0109001,,SLOW,0.00,0.00,0.00,43.00,1,161,AH
912669,41,2025/01/16  ,TUR STSUP,215112,(GAZ) COMLINE IRELAND LIMITED,CCA2162,ΨΑΛΙΔΙ ΟΠΙΣΘ. ΔΕΞΙ-ΚΑΤΩ AUDI-SEAT-SKODA-VW,9.89,2.00,0.00,2,0.00,0.00,0,,0,,,0.00,IE0109001,,SLOW,0.00,0.00,0.00,43.00,1,161,AH
,,,,,,,,,,,,,,,,,,,,,,,,,,,,,
,Recs : 459,,,,,,,,,,,,,,,,,,,,,,,,,,,,
