rec/id,date,description,document/no,company/name,part/number,unit/price,qty,backorder,priority/code,current/stock,prsypappsec,sales/orders,sales-back/order,customer/total/bo/qty,actual/stock,total/number/bo,index/part/number,purchase/order/quantity,eta,total/po/qty,total/number/of/po,final/po/qty,release,difference,balance/actual/stock,note
895014.0,24-09-2024,TUR STSUP,194710.0,(GAZ) COMLINE IRELAND LIMITED,CSL5128,5.01,2.0,2.0,V-SLOW,0.0,0.0,0.0,17.0,14.0,0.0,4.0,CSL51281,20.0,20-02-2025,20.0,1.0,20.0,0.0,-3.0,-14.0,done
900952.0,29-10-2024,TUR - STSUP,202312.0,(GAZ) COMLINE IRELAND LIMITED,CSL5128,5.01,2.0,2.0,V-SLOW,0.0,0.0,0.0,17.0,14.0,0.0,4.0,CSL51281,20.0,20-02-2025,20.0,1.0,20.0,0.0,-3.0,-14.0,done
904670.0,19-11-2024,TUR STSUP,206311.0,(GAZ) COMLINE IRELAND LIMITED,CSL5128,5.01,4.0,4.0,V-SLOW,0.0,0.0,0.0,17.0,14.0,0.0,4.0,CSL51281,20.0,20-02-2025,20.0,1.0,20.0,0.0,-3.0,-14.0,done
912670.0,16-01-2025,TUR STSUP,215113.0,(GAZ) COMLINE IRELAND LIMITED,CSL5128,5.01,6.0,6.0,V-SLOW,0.0,0.0,0.0,17.0,14.0,0.0,4.0,CSL51281,20.0,20-02-2025,20.0,1.0,20.0,0.0,-3.0,-14.0,done
900952.0,29-10-2024,TUR - STSUP,202312.0,(GAZ) COMLINE IRELAND LIMITED,CSL6128,5.01,4.0,4.0,V-SLOW,0.0,0.0,0.0,7.0,4.0,0.0,1.0,CSL61281,20.0,20-02-2025,20.0,1.0,20.0,0.0,-3.0,-4.0,done
902091.0,05-11-2024,TUR STSUP,203414.0,(GAZ) COMLINE IRELAND LIMITED,CSL7145,5.58,8.0,8.0,SLOW,0.0,0.0,0.0,28.0,16.0,0.0,2.0,CSL71451,10.0,26-02-2025,70.0,3.0,10.0,0.0,-12.0,-16.0,done
912670.0,16-01-2025,TUR STSUP,215113.0,(GAZ) COMLINE IRELAND LIMITED,CSL7145,5.58,8.0,8.0,SLOW,0.0,0.0,0.0,28.0,16.0,0.0,2.0,CSL71451,10.0,26-02-2025,70.0,3.0,10.0,0.0,-12.0,-16.0,done
902091.0,05-11-2024,TUR STSUP,203414.0,(GAZ) COMLINE IRELAND LIMITED,CSL7302,5.79,4.0,1.0,V-SLOW,3.0,0.0,0.0,1.0,1.0,3.0,1.0,CSL73021,1.0,26-02-2025,6.0,2.0,1.0,,0.0,2.0,back/order/qty
904670.0,19-11-2024,TUR STSUP,206311.0,(GAZ) COMLINE IRELAND LIMITED,CSL7076,4.21,4.0,4.0,MED,0.0,0.0,0.0,43.0,10.0,0.0,2.0,CSL70761,70.0,20-02-2025,70.0,1.0,70.0,0.0,-33.0,-10.0,done
912670.0,16-01-2025,TUR STSUP,215113.0,(GAZ) COMLINE IRELAND LIMITED,CSL7076,4.21,6.0,6.0,MED,0.0,0.0,0.0,43.0,10.0,0.0,2.0,CSL70761,70.0,20-02-2025,70.0,1.0,70.0,0.0,-33.0,-10.0,done
912670.0,16-01-2025,TUR STSUP,215113.0,(GAZ) COMLINE IRELAND LIMITED,CSL5063,6.72,7.0,7.0,V-SLOW,0.0,0.0,0.0,32.0,14.0,0.0,3.0,CSL50631,20.0,20-02-2025,40.0,2.0,20.0,0.0,-18.0,-14.0,done
907028.0,03-12-2024,TUR STSUP,209112.0,(GAZ) COMLINE IRELAND LIMITED,CSL5063,6.72,2.0,2.0,V-SLOW,0.0,0.0,0.0,32.0,14.0,0.0,3.0,CSL50631,20.0,20-02-2025,40.0,2.0,20.0,0.0,-18.0,-14.0,done
902091.0,05-11-2024,TUR STSUP,203414.0,(GAZ) COMLINE IRELAND LIMITED,CSL5063,6.72,5.0,5.0,V-SLOW,0.0,0.0,0.0,32.0,14.0,0.0,3.0,CSL50631,20.0,20-02-2025,40.0,2.0,20.0,0.0,-18.0,-14.0,done
907028.0,03-12-2024,TUR STSUP,209112.0,(GAZ) COMLINE IRELAND LIMITED,CSL5000,5.17,9.0,9.0,SLOW,0.0,0.0,0.0,51.0,28.0,0.0,3.0,CSL50001,30.0,20-02-2025,30.0,1.0,30.0,0.0,-23.0,-28.0,done
904670.0,19-11-2024,TUR STSUP,206311.0,(GAZ) COMLINE IRELAND LIMITED,CSL5000,5.17,1.0,1.0,SLOW,0.0,0.0,0.0,51.0,28.0,0.0,3.0,CSL50001,30.0,20-02-2025,30.0,1.0,30.0,0.0,-23.0,-28.0,done
912670.0,16-01-2025,TUR STSUP,215113.0,(GAZ) COMLINE IRELAND LIMITED,CSL5000,5.17,18.0,18.0,SLOW,0.0,0.0,0.0,51.0,28.0,0.0,3.0,CSL50001,30.0,20-02-2025,30.0,1.0,30.0,0.0,-23.0,-28.0,done
912670.0,16-01-2025,TUR STSUP,215113.0,(GAZ) COMLINE IRELAND LIMITED,CSL5052,5.32,14.0,14.0,MED,0.0,0.0,0.0,107.0,24.0,0.0,4.0,CSL50521,20.0,18-03-2025,40.0,2.0,20.0,0.0,-83.0,-24.0,done
907028.0,03-12-2024,TUR STSUP,209112.0,(GAZ) COMLINE IRELAND LIMITED,CSL5052,5.32,1.0,1.0,MED,0.0,0.0,0.0,107.0,24.0,0.0,4.0,CSL50521,20.0,18-03-2025,40.0,2.0,20.0,0.0,-83.0,-24.0,done
902091.0,05-11-2024,TUR STSUP,203414.0,(GAZ) COMLINE IRELAND LIMITED,CSL5052,5.32,6.0,6.0,MED,0.0,0.0,0.0,107.0,24.0,0.0,4.0,CSL50521,20.0,18-03-2025,40.0,2.0,20.0,0.0,-83.0,-24.0,done
900952.0,29-10-2024,TUR - STSUP,202312.0,(GAZ) COMLINE IRELAND LIMITED,CSL5052,5.32,3.0,3.0,MED,0.0,0.0,0.0,107.0,24.0,0.0,4.0,CSL50521,20.0,18-03-2025,40.0,2.0,20.0,0.0,-83.0,-24.0,done
900952.0,29-10-2024,TUR - STSUP,202312.0,(GAZ) COMLINE IRELAND LIMITED,CSL6052,5.32,4.0,4.0,MED,0.0,0.0,0.0,120.0,25.0,0.0,3.0,CSL60521,90.0,20-02-2025,90.0,1.0,90.0,0.0,-95.0,-25.0,done
902091.0,05-11-2024,TUR STSUP,203414.0,(GAZ) COMLINE IRELAND LIMITED,CSL6052,5.32,10.0,10.0,MED,0.0,0.0,0.0,120.0,25.0,0.0,3.0,CSL60521,90.0,20-02-2025,90.0,1.0,90.0,0.0,-95.0,-25.0,done
912670.0,16-01-2025,TUR STSUP,215113.0,(GAZ) COMLINE IRELAND LIMITED,CSL6052,5.32,11.0,11.0,MED,0.0,0.0,0.0,120.0,25.0,0.0,3.0,CSL60521,90.0,20-02-2025,90.0,1.0,90.0,0.0,-95.0,-25.0,done
912670.0,16-01-2025,TUR STSUP,215113.0,(GAZ) COMLINE IRELAND LIMITED,CSL7181,6.4,2.0,2.0,V-SLOW,5.0,0.0,0.0,2.0,2.0,5.0,1.0,CSL71811,,,,,,,0.0,3.0,back/order/qty
912670.0,16-01-2025,TUR STSUP,215113.0,(GAZ) COMLINE IRELAND LIMITED,CSL5018,5.54,5.0,1.0,V-SLOW,1.0,0.0,0.0,1.0,1.0,1.0,1.0,CSL50181,3.0,07-02-2025,13.0,2.0,3.0,,0.0,0.0,back/order/qty
907028.0,03-12-2024,TUR STSUP,209112.0,(GAZ) COMLINE IRELAND LIMITED,CTRE2189,5.1,2.0,1.0,V-SLOW,8.0,0.0,0.0,1.0,1.0,8.0,1.0,CTRE21891,,,,,,,0.0,7.0,back/order/qty
884787.0,16-07-2024,TUR STSUP,181211.0,(GAZ) COMLINE IRELAND LIMITED,CTR3212,6.72,2.0,1.0,SPECIAL,0.0,0.0,0.0,3.0,1.0,0.0,1.0,CTR32121,,,,,,0.0,-2.0,-1.0,done
887254.0,30-07-2024,TUR STSUP,183813.0,(GAZ) COMLINE IRELAND LIMITED,CTRE1168,8.45,1.0,1.0,SPECIAL,0.0,0.0,0.0,2.0,1.0,0.0,1.0,CTRE11681,,,,,,0.0,-1.0,-1.0,done
912670.0,16-01-2025,TUR STSUP,215113.0,(GAZ) COMLINE IRELAND LIMITED,CTR2084,6.1,3.0,1.0,SPECIAL,1.0,0.0,0.0,1.0,1.0,1.0,1.0,CTR20841,1.0,07-02-2025,2.0,2.0,1.0,,0.0,0.0,back/order/qty
900952.0,29-10-2024,TUR - STSUP,202312.0,(GAZ) COMLINE IRELAND LIMITED,CTR2068,5.76,4.0,1.0,V-SLOW,7.0,0.0,1.0,1.0,1.0,6.0,1.0,CTR20681,2.0,05-02-2025,9.0,2.0,2.0,,0.0,5.0,back/order/qty
912670.0,16-01-2025,TUR STSUP,215113.0,(GAZ) COMLINE IRELAND LIMITED,CTRE1127,8.24,5.0,2.0,SPECIAL,0.0,0.0,0.0,2.0,2.0,0.0,1.0,CTRE11271,2.0,07-02-2025,7.0,3.0,5.0,0.0,0.0,-2.0,done
902075.0,05-11-2024,EUR1 BRAKE PAD + WATER PUMP,203401.0,(GAZ) COMLINE IRELAND LIMITED,EWP081,12.77,2.0,2.0,OBS,2.0,0.0,0.0,2.0,2.0,2.0,1.0,EWP0811,,,,,,,0.0,0.0,back/order/qty
906952.0,03-12-2024,NON EUR1 CALIPER+WBK+CVJOINT+STSUP,209104.0,(GAZ) COMLINE IRELAND LIMITED,CBC085R,16.48,1.0,1.0,V-SLOW,0.0,0.0,0.0,6.0,3.0,0.0,2.0,CBC085R1,2.0,29-01-2025,10.0,3.0,5.0,0.0,-3.0,-3.0,done
906952.0,03-12-2024,NON EUR1 CALIPER+WBK+CVJOINT+STSUP,209104.0,(GAZ) COMLINE IRELAND LIMITED,CBC080R,22.33,1.0,1.0,SPECIAL,0.0,0.0,0.0,3.0,1.0,0.0,1.0,CBC080R1,1.0,29-01-2025,1.0,1.0,1.0,0.0,-2.0,-1.0,done
912650.0,16-01-2025,NON EUR1 CALIPER,215105.0,(GAZ) COMLINE IRELAND LIMITED,CBC102R,26.73,2.0,2.0,SPECIAL,0.0,0.0,0.0,2.0,2.0,0.0,1.0,CBC102R1,2.0,14-02-2025,2.0,1.0,2.0,0.0,0.0,-2.0,done
912653.0,16-01-2025,NON EUR1 CALIPER,215106.0,(GAZ) COMLINE IRELAND LIMITED,CBC085R,16.48,3.0,2.0,V-SLOW,0.0,0.0,0.0,6.0,3.0,0.0,2.0,CBC085R1,2.0,29-01-2025,10.0,3.0,5.0,0.0,-3.0,-3.0,done
906952.0,03-12-2024,NON EUR1 CALIPER+WBK+CVJOINT+STSUP,209104.0,(GAZ) COMLINE IRELAND LIMITED,CBC087R,11.89,1.0,1.0,SPECIAL,0.0,0.0,0.0,3.0,3.0,0.0,2.0,CBC087R1,1.0,29-01-2025,3.0,2.0,1.0,0.0,0.0,-3.0,done
912650.0,16-01-2025,NON EUR1 CALIPER,215105.0,(GAZ) COMLINE IRELAND LIMITED,CBC087R,11.89,2.0,2.0,SPECIAL,0.0,0.0,0.0,3.0,3.0,0.0,2.0,CBC087R1,1.0,29-01-2025,3.0,2.0,1.0,0.0,0.0,-3.0,done
897939.0,09-10-2024,DIR VIA GREECE - NON EUR1 - BRAKE CALIPER,43164101.0,(GAZ) COMLINE IRELAND LIMITED,CBC058R,17.24,1.0,1.0,SPECIAL,0.0,0.0,0.0,1.0,1.0,0.0,1.0,CBC058R1,1.0,29-01-2025,1.0,1.0,1.0,0.0,0.0,-1.0,done
912650.0,16-01-2025,NON EUR1 CALIPER,215105.0,(GAZ) COMLINE IRELAND LIMITED,CBC007R,14.31,1.0,1.0,MED,0.0,0.0,0.0,10.0,1.0,0.0,1.0,CBC007R1,10.0,29-01-2025,31.0,4.0,20.0,0.0,-9.0,-1.0,done
912650.0,16-01-2025,NON EUR1 CALIPER,215105.0,(GAZ) COMLINE IRELAND LIMITED,CBC023R,15.77,1.0,1.0,SPECIAL,0.0,0.0,0.0,4.0,2.0,0.0,2.0,CBC023R1,1.0,29-01-2025,2.0,2.0,1.0,0.0,-2.0,-2.0,done
912650.0,16-01-2025,NON EUR1 CALIPER,215105.0,(GAZ) COMLINE IRELAND LIMITED,CBC039R,15.71,2.0,1.0,SPECIAL,0.0,0.0,0.0,4.0,1.0,0.0,1.0,CBC039R1,2.0,29-01-2025,4.0,2.0,2.0,0.0,-3.0,-1.0,done
904652.0,19-11-2024,NON EUR1 CALIPER + WBK + CVJOINT,206304.0,(GAZ) COMLINE IRELAND LIMITED,CBC023R,15.77,2.0,1.0,SPECIAL,0.0,0.0,0.0,4.0,2.0,0.0,2.0,CBC023R1,1.0,29-01-2025,2.0,2.0,1.0,0.0,-2.0,-2.0,done
902081.0,05-11-2024,NON EUR1 CALIPER + CVJOINT + STSUP + WBK,203405.0,(GAZ) COMLINE IRELAND LIMITED,CBC038R,12.6,1.0,1.0,SPECIAL,0.0,0.0,0.0,7.0,1.0,0.0,1.0,CBC038R1,1.0,29-01-2025,7.0,2.0,1.0,0.0,-6.0,-1.0,done
912650.0,16-01-2025,NON EUR1 CALIPER,215105.0,(GAZ) COMLINE IRELAND LIMITED,CBC118R,18.61,2.0,2.0,SPECIAL,0.0,0.0,0.0,2.0,2.0,0.0,1.0,CBC118R1,2.0,14-02-2025,2.0,1.0,2.0,0.0,0.0,-2.0,done
904652.0,19-11-2024,NON EUR1 CALIPER + WBK + CVJOINT,206304.0,(GAZ) COMLINE IRELAND LIMITED,CBC028R,18.57,2.0,2.0,SPECIAL,0.0,0.0,0.0,4.0,2.0,0.0,1.0,CBC028R1,2.0,29-01-2025,2.0,1.0,2.0,0.0,-2.0,-2.0,done
912653.0,16-01-2025,NON EUR1 CALIPER,215106.0,(GAZ) COMLINE IRELAND LIMITED,CBC051R,19.2,7.0,7.0,SPECIAL,0.0,0.0,0.0,15.0,7.0,0.0,1.0,CBC051R1,7.0,14-02-2025,9.0,2.0,9.0,0.0,-8.0,-7.0,done
912650.0,16-01-2025,NON EUR1 CALIPER,215105.0,(GAZ) COMLINE IRELAND LIMITED,CBC018R,11.62,2.0,2.0,SPECIAL,0.0,0.0,0.0,2.0,2.0,0.0,1.0,CBC018R1,2.0,14-02-2025,2.0,1.0,2.0,0.0,0.0,-2.0,done
912650.0,16-01-2025,NON EUR1 CALIPER,215105.0,(GAZ) COMLINE IRELAND LIMITED,CBC026R,16.56,34.0,34.0,SLOW,0.0,0.0,0.0,60.0,46.0,0.0,2.0,CBC026R1,8.0,29-01-2025,77.0,3.0,31.0,0.0,-14.0,-46.0,done
906952.0,03-12-2024,NON EUR1 CALIPER+WBK+CVJOINT+STSUP,209104.0,(GAZ) COMLINE IRELAND LIMITED,CBC026R,16.56,17.0,12.0,SLOW,0.0,0.0,0.0,60.0,46.0,0.0,2.0,CBC026R1,8.0,29-01-2025,77.0,3.0,31.0,0.0,-14.0,-46.0,done
912650.0,16-01-2025,NON EUR1 CALIPER,215105.0,(GAZ) COMLINE IRELAND LIMITED,CBC009R,17.32,35.0,18.0,MED,0.0,0.0,0.0,32.0,18.0,0.0,1.0,CBC009R1,24.0,29-01-2025,130.0,3.0,94.0,0.0,-14.0,-18.0,done
912653.0,16-01-2025,NON EUR1 CALIPER,215106.0,(GAZ) COMLINE IRELAND LIMITED,CBC043R,19.07,3.0,3.0,SLOW,2.0,0.0,2.0,16.0,3.0,0.0,1.0,CBC043R1,11.0,29-01-2025,31.0,4.0,22.0,0.0,-13.0,-3.0,done
912650.0,16-01-2025,NON EUR1 CALIPER,215105.0,(GAZ) COMLINE IRELAND LIMITED,CBC012R,19.72,21.0,19.0,SLOW,1.0,0.0,1.0,35.0,33.0,0.0,2.0,CBC012R1,10.0,29-01-2025,57.0,4.0,32.0,0.0,-2.0,-33.0,done
906952.0,03-12-2024,NON EUR1 CALIPER+WBK+CVJOINT+STSUP,209104.0,(GAZ) COMLINE IRELAND LIMITED,CBC012R,19.72,14.0,14.0,SLOW,1.0,0.0,1.0,35.0,33.0,0.0,2.0,CBC012R1,10.0,29-01-2025,57.0,4.0,32.0,0.0,-2.0,-33.0,done
912653.0,16-01-2025,NON EUR1 CALIPER,215106.0,(GAZ) COMLINE IRELAND LIMITED,CBC025R,17.51,8.0,8.0,V-SLOW,1.0,0.0,1.0,10.0,8.0,0.0,1.0,CBC025R1,2.0,29-01-2025,14.0,4.0,6.0,0.0,-2.0,-8.0,done
912653.0,16-01-2025,NON EUR1 CALIPER,215106.0,(GAZ) COMLINE IRELAND LIMITED,CBC005R,18.26,8.0,8.0,V-SLOW,1.0,0.0,1.0,13.0,10.0,0.0,2.0,CBC005R1,2.0,29-01-2025,21.0,4.0,9.0,0.0,-3.0,-10.0,done
904652.0,19-11-2024,NON EUR1 CALIPER + WBK + CVJOINT,206304.0,(GAZ) COMLINE IRELAND LIMITED,CBC005R,18.26,2.0,2.0,V-SLOW,1.0,0.0,1.0,13.0,10.0,0.0,2.0,CBC005R1,2.0,29-01-2025,21.0,4.0,9.0,0.0,-3.0,-10.0,done
912650.0,16-01-2025,NON EUR1 CALIPER,215105.0,(GAZ) COMLINE IRELAND LIMITED,CBC056R,20.4,2.0,2.0,SPECIAL,0.0,0.0,0.0,3.0,2.0,0.0,1.0,CBC056R1,1.0,29-01-2025,3.0,2.0,1.0,0.0,-1.0,-2.0,done
912653.0,16-01-2025,NON EUR1 CALIPER,215106.0,(GAZ) COMLINE IRELAND LIMITED,CBC057R,17.85,3.0,3.0,SPECIAL,0.0,0.0,0.0,3.0,3.0,0.0,1.0,CBC057R1,3.0,14-02-2025,3.0,1.0,3.0,0.0,0.0,-3.0,done
912650.0,16-01-2025,NON EUR1 CALIPER,215105.0,(GAZ) COMLINE IRELAND LIMITED,CBC053R,21.96,2.0,2.0,SPECIAL,0.0,0.0,0.0,3.0,3.0,0.0,2.0,CBC053R1,1.0,07-03-2025,3.0,2.0,3.0,0.0,0.0,-3.0,done
912650.0,16-01-2025,NON EUR1 CALIPER,215105.0,(GAZ) COMLINE IRELAND LIMITED,CBC031R,21.52,2.0,2.0,SPECIAL,0.0,0.0,0.0,2.0,2.0,0.0,1.0,CBC031R1,2.0,14-02-2025,2.0,1.0,2.0,0.0,0.0,-2.0,done
898882.0,15-10-2024,NON EUR1 CALIPER+WBK+STSUP+CVJOINT,199208.0,(GAZ) COMLINE IRELAND LIMITED,CBC053R,21.96,2.0,1.0,SPECIAL,0.0,0.0,0.0,3.0,3.0,0.0,2.0,CBC053R1,1.0,07-03-2025,3.0,2.0,3.0,0.0,0.0,-3.0,done
912650.0,16-01-2025,NON EUR1 CALIPER,215105.0,(GAZ) COMLINE IRELAND LIMITED,CBC003R,16.7,38.0,38.0,SLOW,0.0,0.0,0.0,65.0,45.0,0.0,2.0,CBC003R1,3.0,29-01-2025,81.0,4.0,24.0,0.0,-20.0,-45.0,done
906952.0,03-12-2024,NON EUR1 CALIPER+WBK+CVJOINT+STSUP,209104.0,(GAZ) COMLINE IRELAND LIMITED,CBC003R,16.7,13.0,7.0,SLOW,0.0,0.0,0.0,65.0,45.0,0.0,2.0,CBC003R1,3.0,29-01-2025,81.0,4.0,24.0,0.0,-20.0,-45.0,done
912650.0,16-01-2025,NON EUR1 CALIPER,215105.0,(GAZ) COMLINE IRELAND LIMITED,CBC115R,14.0,2.0,2.0,SPECIAL,0.0,0.0,0.0,2.0,2.0,0.0,1.0,CBC115R1,2.0,14-02-2025,2.0,1.0,2.0,0.0,0.0,-2.0,done
906952.0,03-12-2024,NON EUR1 CALIPER+WBK+CVJOINT+STSUP,209104.0,(GAZ) COMLINE IRELAND LIMITED,CBC074R,17.98,1.0,1.0,SPECIAL,0.0,0.0,0.0,12.0,3.0,0.0,2.0,CBC074R1,3.0,29-01-2025,12.0,2.0,3.0,0.0,-9.0,-3.0,done
906952.0,03-12-2024,NON EUR1 CALIPER+WBK+CVJOINT+STSUP,209104.0,(GAZ) COMLINE IRELAND LIMITED,CBC095R,34.1,5.0,5.0,SLOW,0.0,0.0,0.0,72.0,72.0,0.0,3.0,CBC095R1,13.0,29-01-2025,81.0,3.0,20.0,0.0,0.0,-72.0,done
912650.0,16-01-2025,NON EUR1 CALIPER,215105.0,(GAZ) COMLINE IRELAND LIMITED,CBC033R,34.1,11.0,3.0,SLOW,0.0,0.0,0.0,18.0,3.0,0.0,1.0,CBC033R1,24.0,29-01-2025,35.0,2.0,24.0,0.0,-15.0,-3.0,done
912650.0,16-01-2025,NON EUR1 CALIPER,215105.0,(GAZ) COMLINE IRELAND LIMITED,CBC095R,34.1,63.0,59.0,SLOW,0.0,0.0,0.0,72.0,72.0,0.0,3.0,CBC095R1,13.0,29-01-2025,81.0,3.0,20.0,0.0,0.0,-72.0,done
902081.0,05-11-2024,NON EUR1 CALIPER + CVJOINT + STSUP + WBK,203405.0,(GAZ) COMLINE IRELAND LIMITED,CBC074R,17.98,2.0,2.0,SPECIAL,0.0,0.0,0.0,12.0,3.0,0.0,2.0,CBC074R1,3.0,29-01-2025,12.0,2.0,3.0,0.0,-9.0,-3.0,done
904652.0,19-11-2024,NON EUR1 CALIPER + WBK + CVJOINT,206304.0,(GAZ) COMLINE IRELAND LIMITED,CBC095R,34.1,12.0,8.0,SLOW,0.0,0.0,0.0,72.0,72.0,0.0,3.0,CBC095R1,13.0,29-01-2025,81.0,3.0,20.0,0.0,0.0,-72.0,done
912650.0,16-01-2025,NON EUR1 CALIPER,215105.0,(GAZ) COMLINE IRELAND LIMITED,CBC030R,15.55,1.0,1.0,SPECIAL,0.0,0.0,0.0,3.0,1.0,0.0,1.0,CBC030R1,1.0,14-02-2025,1.0,1.0,1.0,0.0,-2.0,-1.0,done
912650.0,16-01-2025,NON EUR1 CALIPER,215105.0,(GAZ) COMLINE IRELAND LIMITED,CBC146L,17.46,2.0,2.0,SPECIAL,0.0,0.0,0.0,2.0,2.0,0.0,1.0,CBC146L1,2.0,14-02-2025,2.0,1.0,2.0,0.0,0.0,-2.0,done
912650.0,16-01-2025,NON EUR1 CALIPER,215105.0,(GAZ) COMLINE IRELAND LIMITED,CBC149L,16.49,2.0,1.0,SPECIAL,0.0,0.0,0.0,4.0,3.0,0.0,2.0,CBC149L1,2.0,29-01-2025,4.0,2.0,2.0,0.0,-1.0,-3.0,done
912650.0,16-01-2025,NON EUR1 CALIPER,215105.0,(GAZ) COMLINE IRELAND LIMITED,CBC167R,17.87,2.0,2.0,SPECIAL,0.0,0.0,0.0,2.0,2.0,0.0,1.0,CBC167R1,2.0,14-02-2025,2.0,1.0,2.0,0.0,0.0,-2.0,done
912650.0,16-01-2025,NON EUR1 CALIPER,215105.0,(GAZ) COMLINE IRELAND LIMITED,CBC208L,21.1,2.0,2.0,SPECIAL,0.0,0.0,0.0,4.0,4.0,0.0,2.0,CBC208L1,2.0,29-01-2025,4.0,2.0,2.0,0.0,0.0,-4.0,done
912650.0,16-01-2025,NON EUR1 CALIPER,215105.0,(GAZ) COMLINE IRELAND LIMITED,CBC223L,31.05,2.0,2.0,SPECIAL,0.0,0.0,0.0,4.0,4.0,0.0,2.0,CBC223L1,2.0,29-01-2025,4.0,2.0,2.0,0.0,0.0,-4.0,done
912650.0,16-01-2025,NON EUR1 CALIPER,215105.0,(GAZ) COMLINE IRELAND LIMITED,CBC230L,18.77,2.0,2.0,SPECIAL,0.0,0.0,0.0,2.0,2.0,0.0,1.0,CBC230L1,2.0,14-02-2025,2.0,1.0,2.0,0.0,0.0,-2.0,done
912650.0,16-01-2025,NON EUR1 CALIPER,215105.0,(GAZ) COMLINE IRELAND LIMITED,CBC231R,22.29,1.0,1.0,SPECIAL,0.0,0.0,0.0,3.0,1.0,0.0,1.0,CBC231R1,1.0,14-02-2025,1.0,1.0,1.0,0.0,-2.0,-1.0,done
912650.0,16-01-2025,NON EUR1 CALIPER,215105.0,(GAZ) COMLINE IRELAND LIMITED,CBC232L,19.06,2.0,2.0,SPECIAL,0.0,0.0,0.0,2.0,2.0,0.0,1.0,CBC232L1,2.0,14-02-2025,2.0,1.0,2.0,0.0,0.0,-2.0,done
912650.0,16-01-2025,NON EUR1 CALIPER,215105.0,(GAZ) COMLINE IRELAND LIMITED,CBC232R,19.06,2.0,2.0,SPECIAL,0.0,0.0,0.0,2.0,2.0,0.0,1.0,CBC232R1,2.0,14-02-2025,2.0,1.0,2.0,0.0,0.0,-2.0,done
912650.0,16-01-2025,NON EUR1 CALIPER,215105.0,(GAZ) COMLINE IRELAND LIMITED,CBC235L,19.84,2.0,2.0,SPECIAL,0.0,0.0,0.0,2.0,2.0,0.0,1.0,CBC235L1,2.0,14-02-2025,2.0,1.0,2.0,0.0,0.0,-2.0,done
912650.0,16-01-2025,NON EUR1 CALIPER,215105.0,(GAZ) COMLINE IRELAND LIMITED,CBC235R,19.84,2.0,2.0,SPECIAL,0.0,0.0,0.0,4.0,4.0,0.0,2.0,CBC235R1,2.0,29-01-2025,4.0,2.0,2.0,0.0,0.0,-4.0,done
912650.0,16-01-2025,NON EUR1 CALIPER,215105.0,(GAZ) COMLINE IRELAND LIMITED,CBC238R,22.09,2.0,2.0,SPECIAL,0.0,0.0,0.0,2.0,2.0,0.0,1.0,CBC238R1,2.0,14-02-2025,2.0,1.0,2.0,0.0,0.0,-2.0,done
912650.0,16-01-2025,NON EUR1 CALIPER,215105.0,(GAZ) COMLINE IRELAND LIMITED,CBC240R,18.92,2.0,2.0,SPECIAL,0.0,0.0,0.0,3.0,3.0,0.0,2.0,CBC240R1,1.0,29-01-2025,3.0,2.0,1.0,0.0,0.0,-3.0,done
912650.0,16-01-2025,NON EUR1 CALIPER,215105.0,(GAZ) COMLINE IRELAND LIMITED,CBC241L,23.16,2.0,2.0,SPECIAL,0.0,0.0,0.0,3.0,3.0,0.0,2.0,CBC241L1,1.0,29-01-2025,3.0,2.0,1.0,0.0,0.0,-3.0,done
912650.0,16-01-2025,NON EUR1 CALIPER,215105.0,(GAZ) COMLINE IRELAND LIMITED,CBC241R,23.16,2.0,2.0,SPECIAL,0.0,0.0,0.0,3.0,3.0,0.0,2.0,CBC241R1,1.0,29-01-2025,3.0,3.0,1.0,0.0,0.0,-3.0,done
912650.0,16-01-2025,NON EUR1 CALIPER,215105.0,(GAZ) COMLINE IRELAND LIMITED,CBC245L,14.9,2.0,2.0,SPECIAL,0.0,0.0,0.0,2.0,2.0,0.0,1.0,CBC245L1,2.0,14-02-2025,2.0,1.0,2.0,0.0,0.0,-2.0,done
906952.0,03-12-2024,NON EUR1 CALIPER+WBK+CVJOINT+STSUP,209104.0,(GAZ) COMLINE IRELAND LIMITED,CBC292L,25.53,1.0,1.0,SPECIAL,0.0,0.0,0.0,3.0,1.0,0.0,1.0,CBC292L1,1.0,29-01-2025,1.0,1.0,1.0,0.0,-2.0,-1.0,done
906952.0,03-12-2024,NON EUR1 CALIPER+WBK+CVJOINT+STSUP,209104.0,(GAZ) COMLINE IRELAND LIMITED,CBC134R,21.82,2.0,2.0,SPECIAL,0.0,0.0,0.0,4.0,2.0,0.0,1.0,CBC134R1,2.0,29-01-2025,2.0,1.0,2.0,0.0,-2.0,-2.0,done
906952.0,03-12-2024,NON EUR1 CALIPER+WBK+CVJOINT+STSUP,209104.0,(GAZ) COMLINE IRELAND LIMITED,CBC219R,19.82,1.0,1.0,SPECIAL,0.0,0.0,0.0,3.0,1.0,0.0,1.0,CBC219R1,1.0,29-01-2025,1.0,1.0,1.0,0.0,-2.0,-1.0,done
906952.0,03-12-2024,NON EUR1 CALIPER+WBK+CVJOINT+STSUP,209104.0,(GAZ) COMLINE IRELAND LIMITED,CBC235R,19.84,2.0,2.0,SPECIAL,0.0,0.0,0.0,4.0,4.0,0.0,2.0,CBC235R1,2.0,29-01-2025,4.0,2.0,2.0,0.0,0.0,-4.0,done
906952.0,03-12-2024,NON EUR1 CALIPER+WBK+CVJOINT+STSUP,209104.0,(GAZ) COMLINE IRELAND LIMITED,CBC251R,20.39,1.0,1.0,SPECIAL,0.0,0.0,0.0,5.0,1.0,0.0,1.0,CBC251R1,1.0,29-01-2025,5.0,2.0,1.0,0.0,-4.0,-1.0,done
906952.0,03-12-2024,NON EUR1 CALIPER+WBK+CVJOINT+STSUP,209104.0,(GAZ) COMLINE IRELAND LIMITED,CBC307R,36.17,1.0,1.0,SPECIAL,0.0,0.0,0.0,4.0,1.0,0.0,1.0,CBC307R1,2.0,29-01-2025,2.0,1.0,2.0,0.0,-3.0,-1.0,done
906952.0,03-12-2024,NON EUR1 CALIPER+WBK+CVJOINT+STSUP,209104.0,(GAZ) COMLINE IRELAND LIMITED,CBC325R,18.75,2.0,2.0,SPECIAL,0.0,0.0,0.0,5.0,5.0,0.0,2.0,CBC325R1,2.0,29-01-2025,5.0,2.0,2.0,0.0,0.0,-5.0,done
906952.0,03-12-2024,NON EUR1 CALIPER+WBK+CVJOINT+STSUP,209104.0,(GAZ) COMLINE IRELAND LIMITED,CBC329R,25.84,1.0,1.0,SPECIAL,0.0,0.0,0.0,3.0,3.0,0.0,2.0,CBC329R1,1.0,29-01-2025,3.0,2.0,1.0,0.0,0.0,-3.0,done
906952.0,03-12-2024,NON EUR1 CALIPER+WBK+CVJOINT+STSUP,209104.0,(GAZ) COMLINE IRELAND LIMITED,CBC495R,18.98,1.0,1.0,SPECIAL,0.0,0.0,0.0,3.0,3.0,0.0,2.0,CBC495R1,1.0,29-01-2025,3.0,2.0,1.0,0.0,0.0,-3.0,done
906952.0,03-12-2024,NON EUR1 CALIPER+WBK+CVJOINT+STSUP,209104.0,(GAZ) COMLINE IRELAND LIMITED,CBC134L,21.82,2.0,2.0,SPECIAL,1.0,0.0,1.0,4.0,2.0,0.0,1.0,CBC134L1,2.0,29-01-2025,2.0,1.0,2.0,0.0,-2.0,-2.0,done
906952.0,03-12-2024,NON EUR1 CALIPER+WBK+CVJOINT+STSUP,209104.0,(GAZ) COMLINE IRELAND LIMITED,CBC174L,19.07,2.0,2.0,SPECIAL,0.0,0.0,0.0,8.0,8.0,0.0,2.0,CBC174L1,2.0,14-02-2025,8.0,2.0,8.0,0.0,0.0,-8.0,done
906952.0,03-12-2024,NON EUR1 CALIPER+WBK+CVJOINT+STSUP,209104.0,(GAZ) COMLINE IRELAND LIMITED,CBC219L,19.82,1.0,1.0,SPECIAL,0.0,0.0,0.0,6.0,4.0,0.0,2.0,CBC219L1,1.0,29-01-2025,4.0,2.0,1.0,0.0,-2.0,-4.0,done
906952.0,03-12-2024,NON EUR1 CALIPER+WBK+CVJOINT+STSUP,209104.0,(GAZ) COMLINE IRELAND LIMITED,CBC280L,18.32,2.0,2.0,SPECIAL,0.0,0.0,0.0,10.0,9.0,0.0,3.0,CBC280L1,2.0,29-01-2025,10.0,2.0,2.0,0.0,-1.0,-9.0,done
906952.0,03-12-2024,NON EUR1 CALIPER+WBK+CVJOINT+STSUP,209104.0,(GAZ) COMLINE IRELAND LIMITED,CBC480L,25.09,1.0,1.0,SPECIAL,0.0,0.0,0.0,3.0,3.0,0.0,2.0,CBC480L1,1.0,29-01-2025,3.0,2.0,1.0,0.0,0.0,-3.0,done
906952.0,03-12-2024,NON EUR1 CALIPER+WBK+CVJOINT+STSUP,209104.0,(GAZ) COMLINE IRELAND LIMITED,CBC175R,22.82,3.0,3.0,SPECIAL,0.0,0.0,0.0,8.0,6.0,0.0,2.0,CBC175R1,3.0,29-01-2025,8.0,2.0,3.0,0.0,-2.0,-6.0,done
906952.0,03-12-2024,NON EUR1 CALIPER+WBK+CVJOINT+STSUP,209104.0,(GAZ) COMLINE IRELAND LIMITED,CBC175L,22.82,3.0,3.0,SPECIAL,0.0,0.0,0.0,6.0,4.0,0.0,2.0,CBC175L1,3.0,29-01-2025,6.0,2.0,3.0,0.0,-2.0,-4.0,done
904652.0,19-11-2024,NON EUR1 CALIPER + WBK + CVJOINT,206304.0,(GAZ) COMLINE IRELAND LIMITED,CBC386L,14.71,2.0,2.0,SPECIAL,0.0,0.0,0.0,4.0,4.0,0.0,2.0,CBC386L1,2.0,29-01-2025,4.0,2.0,2.0,0.0,0.0,-4.0,done
904652.0,19-11-2024,NON EUR1 CALIPER + WBK + CVJOINT,206304.0,(GAZ) COMLINE IRELAND LIMITED,CBC408L,27.3,2.0,2.0,SPECIAL,0.0,0.0,0.0,4.0,4.0,0.0,2.0,CBC408L1,2.0,29-01-2025,4.0,2.0,2.0,0.0,0.0,-4.0,done
904652.0,19-11-2024,NON EUR1 CALIPER + WBK + CVJOINT,206304.0,(GAZ) COMLINE IRELAND LIMITED,CBC408R,27.3,2.0,2.0,SPECIAL,0.0,0.0,0.0,4.0,4.0,0.0,2.0,CBC408R1,2.0,29-01-2025,4.0,2.0,2.0,0.0,0.0,-4.0,done
904652.0,19-11-2024,NON EUR1 CALIPER + WBK + CVJOINT,206304.0,(GAZ) COMLINE IRELAND LIMITED,CBC277R,17.06,2.0,2.0,SPECIAL,0.0,0.0,0.0,4.0,4.0,0.0,2.0,CBC277R1,2.0,29-01-2025,4.0,2.0,2.0,0.0,0.0,-4.0,done
904652.0,19-11-2024,NON EUR1 CALIPER + WBK + CVJOINT,206304.0,(GAZ) COMLINE IRELAND LIMITED,CBC299R,19.32,2.0,2.0,SPECIAL,0.0,0.0,0.0,4.0,4.0,0.0,2.0,CBC299R1,2.0,29-01-2025,4.0,2.0,2.0,0.0,0.0,-4.0,done
904652.0,19-11-2024,NON EUR1 CALIPER + WBK + CVJOINT,206304.0,(GAZ) COMLINE IRELAND LIMITED,CBC251L,20.39,2.0,2.0,SPECIAL,0.0,0.0,0.0,5.0,3.0,0.0,2.0,CBC251L1,2.0,29-01-2025,3.0,2.0,2.0,0.0,-2.0,-3.0,done
904652.0,19-11-2024,NON EUR1 CALIPER + WBK + CVJOINT,206304.0,(GAZ) COMLINE IRELAND LIMITED,CBC264L,14.38,2.0,2.0,SPECIAL,0.0,0.0,0.0,5.0,4.0,0.0,2.0,CBC264L1,2.0,29-01-2025,5.0,2.0,2.0,0.0,-1.0,-4.0,done
904652.0,19-11-2024,NON EUR1 CALIPER + WBK + CVJOINT,206304.0,(GAZ) COMLINE IRELAND LIMITED,CBC149L,16.49,2.0,2.0,SPECIAL,0.0,0.0,0.0,4.0,3.0,0.0,2.0,CBC149L1,2.0,29-01-2025,4.0,2.0,2.0,0.0,-1.0,-3.0,done
904652.0,19-11-2024,NON EUR1 CALIPER + WBK + CVJOINT,206304.0,(GAZ) COMLINE IRELAND LIMITED,CBC208L,21.1,2.0,2.0,SPECIAL,0.0,0.0,0.0,4.0,4.0,0.0,2.0,CBC208L1,2.0,29-01-2025,4.0,2.0,2.0,0.0,0.0,-4.0,done
904652.0,19-11-2024,NON EUR1 CALIPER + WBK + CVJOINT,206304.0,(GAZ) COMLINE IRELAND LIMITED,CBC223L,31.05,2.0,2.0,SPECIAL,0.0,0.0,0.0,4.0,4.0,0.0,2.0,CBC223L1,2.0,29-01-2025,4.0,2.0,2.0,0.0,0.0,-4.0,done
902081.0,05-11-2024,NON EUR1 CALIPER + CVJOINT + STSUP + WBK,203405.0,(GAZ) COMLINE IRELAND LIMITED,CBC150R,18.0,3.0,3.0,SPECIAL,1.0,0.0,2.0,3.0,3.0,-1.0,1.0,CBC150R1,1.0,29-01-2025,2.0,2.0,1.0,0.0,0.0,-4.0,done
902081.0,05-11-2024,NON EUR1 CALIPER + CVJOINT + STSUP + WBK,203405.0,(GAZ) COMLINE IRELAND LIMITED,CBC280L,18.32,2.0,2.0,SPECIAL,0.0,0.0,0.0,10.0,9.0,0.0,3.0,CBC280L1,2.0,29-01-2025,10.0,2.0,2.0,0.0,-1.0,-9.0,done
902081.0,05-11-2024,NON EUR1 CALIPER + CVJOINT + STSUP + WBK,203405.0,(GAZ) COMLINE IRELAND LIMITED,CBC319L,37.84,2.0,2.0,SPECIAL,0.0,0.0,0.0,5.0,2.0,0.0,1.0,CBC319L1,1.0,29-01-2025,3.0,2.0,1.0,0.0,-3.0,-2.0,done
898882.0,15-10-2024,NON EUR1 CALIPER+WBK+STSUP+CVJOINT,199208.0,(GAZ) COMLINE IRELAND LIMITED,CBC321R,35.66,2.0,2.0,SPECIAL,0.0,0.0,0.0,5.0,4.0,0.0,2.0,CBC321R1,2.0,14-02-2025,5.0,3.0,2.0,0.0,-1.0,-4.0,done
900927.0,29-10-2024,NON EUR1 - CALIPER+CVJOINT+STSUP+WBK,202305.0,(GAZ) COMLINE IRELAND LIMITED,CBC240R,18.92,2.0,1.0,SPECIAL,0.0,0.0,0.0,3.0,3.0,0.0,2.0,CBC240R1,1.0,29-01-2025,3.0,2.0,1.0,0.0,0.0,-3.0,done
900927.0,29-10-2024,NON EUR1 - CALIPER+CVJOINT+STSUP+WBK,202305.0,(GAZ) COMLINE IRELAND LIMITED,CBC241R,23.16,2.0,1.0,SPECIAL,0.0,0.0,0.0,3.0,3.0,0.0,2.0,CBC241R1,1.0,29-01-2025,3.0,3.0,1.0,0.0,0.0,-3.0,done
900927.0,29-10-2024,NON EUR1 - CALIPER+CVJOINT+STSUP+WBK,202305.0,(GAZ) COMLINE IRELAND LIMITED,CBC241L,23.16,2.0,1.0,SPECIAL,0.0,0.0,0.0,3.0,3.0,0.0,2.0,CBC241L1,1.0,29-01-2025,3.0,2.0,1.0,0.0,0.0,-3.0,done
900927.0,29-10-2024,NON EUR1 - CALIPER+CVJOINT+STSUP+WBK,202305.0,(GAZ) COMLINE IRELAND LIMITED,CBC378L,21.1,2.0,1.0,SPECIAL,0.0,0.0,0.0,6.0,6.0,0.0,2.0,CBC378L1,1.0,29-01-2025,6.0,2.0,1.0,0.0,0.0,-6.0,done
900927.0,29-10-2024,NON EUR1 - CALIPER+CVJOINT+STSUP+WBK,202305.0,(GAZ) COMLINE IRELAND LIMITED,CBC496R,21.03,2.0,2.0,SPECIAL,2.0,0.0,2.0,3.0,2.0,0.0,1.0,CBC496R1,3.0,29-01-2025,3.0,1.0,3.0,0.0,-1.0,-2.0,done
897939.0,09-10-2024,DIR VIA GREECE - NON EUR1 - BRAKE CALIPER,43164101.0,(GAZ) COMLINE IRELAND LIMITED,CBC385R,19.94,3.0,3.0,SPECIAL,0.0,0.0,0.0,4.0,3.0,0.0,1.0,CBC385R1,3.0,14-02-2025,4.0,2.0,4.0,0.0,-1.0,-3.0,done
897939.0,09-10-2024,DIR VIA GREECE - NON EUR1 - BRAKE CALIPER,43164101.0,(GAZ) COMLINE IRELAND LIMITED,CBC167L,17.87,1.0,1.0,SPECIAL,0.0,0.0,0.0,6.0,1.0,0.0,1.0,CBC167L1,1.0,07-03-2025,6.0,4.0,6.0,0.0,-5.0,-1.0,done
897939.0,09-10-2024,DIR VIA GREECE - NON EUR1 - BRAKE CALIPER,43164101.0,(GAZ) COMLINE IRELAND LIMITED,CBC331L,15.05,1.0,1.0,SPECIAL,0.0,0.0,0.0,3.0,1.0,0.0,1.0,CBC331L1,2.0,29-01-2025,3.0,2.0,2.0,0.0,-2.0,-1.0,done
894006.0,18-09-2024,NON EUR1 - CALIPER+CVJOINT+STSUP+WBK,192703.0,(GAZ) COMLINE IRELAND LIMITED,CBC174R,19.07,4.0,2.0,SPECIAL,0.0,0.0,0.0,4.0,2.0,0.0,1.0,CBC174R1,2.0,29-01-2025,4.0,2.0,2.0,0.0,-2.0,-2.0,done
894006.0,18-09-2024,NON EUR1 - CALIPER+CVJOINT+STSUP+WBK,192703.0,(GAZ) COMLINE IRELAND LIMITED,CBC306R,37.21,4.0,4.0,SPECIAL,1.0,0.0,1.0,7.0,4.0,0.0,1.0,CBC306R1,5.0,29-01-2025,7.0,2.0,5.0,0.0,-3.0,-4.0,done
894006.0,18-09-2024,NON EUR1 - CALIPER+CVJOINT+STSUP+WBK,192703.0,(GAZ) COMLINE IRELAND LIMITED,CBC385L,19.94,4.0,1.0,SPECIAL,0.0,0.0,0.0,1.0,1.0,0.0,1.0,CBC385L1,1.0,14-02-2025,1.0,1.0,1.0,0.0,0.0,-1.0,done
912650.0,16-01-2025,NON EUR1 CALIPER,215105.0,(GAZ) COMLINE IRELAND LIMITED,CBC170R,19.32,2.0,2.0,SPECIAL,0.0,0.0,0.0,2.0,2.0,0.0,1.0,CBC170R1,2.0,14-02-2025,2.0,1.0,2.0,0.0,0.0,-2.0,done
912650.0,16-01-2025,NON EUR1 CALIPER,215105.0,(GAZ) COMLINE IRELAND LIMITED,CBC175L,22.82,1.0,1.0,SPECIAL,0.0,0.0,0.0,6.0,4.0,0.0,2.0,CBC175L1,3.0,29-01-2025,6.0,2.0,3.0,0.0,-2.0,-4.0,done
912650.0,16-01-2025,NON EUR1 CALIPER,215105.0,(GAZ) COMLINE IRELAND LIMITED,CBC192R,19.89,2.0,2.0,SPECIAL,0.0,0.0,0.0,2.0,2.0,0.0,1.0,CBC192R1,2.0,14-02-2025,2.0,1.0,2.0,0.0,0.0,-2.0,done
912650.0,16-01-2025,NON EUR1 CALIPER,215105.0,(GAZ) COMLINE IRELAND LIMITED,CBC251L,20.39,1.0,1.0,SPECIAL,0.0,0.0,0.0,5.0,3.0,0.0,2.0,CBC251L1,2.0,29-01-2025,3.0,2.0,2.0,0.0,-2.0,-3.0,done
912650.0,16-01-2025,NON EUR1 CALIPER,215105.0,(GAZ) COMLINE IRELAND LIMITED,CBC253L,19.86,2.0,2.0,SPECIAL,0.0,0.0,0.0,2.0,2.0,0.0,1.0,CBC253L1,2.0,14-02-2025,2.0,1.0,2.0,0.0,0.0,-2.0,done
912650.0,16-01-2025,NON EUR1 CALIPER,215105.0,(GAZ) COMLINE IRELAND LIMITED,CBC264L,14.38,2.0,2.0,SPECIAL,0.0,0.0,0.0,5.0,4.0,0.0,2.0,CBC264L1,2.0,29-01-2025,5.0,2.0,2.0,0.0,-1.0,-4.0,done
912650.0,16-01-2025,NON EUR1 CALIPER,215105.0,(GAZ) COMLINE IRELAND LIMITED,CBC277R,17.06,2.0,2.0,SPECIAL,0.0,0.0,0.0,4.0,4.0,0.0,2.0,CBC277R1,2.0,29-01-2025,4.0,2.0,2.0,0.0,0.0,-4.0,done
912653.0,16-01-2025,NON EUR1 CALIPER,215106.0,(GAZ) COMLINE IRELAND LIMITED,CBC142R,19.28,5.0,5.0,SPECIAL,0.0,0.0,0.0,5.0,5.0,0.0,1.0,CBC142R1,5.0,14-02-2025,5.0,1.0,5.0,0.0,0.0,-5.0,done
912653.0,16-01-2025,NON EUR1 CALIPER,215106.0,(GAZ) COMLINE IRELAND LIMITED,CBC174L,19.07,6.0,6.0,SPECIAL,0.0,0.0,0.0,8.0,8.0,0.0,2.0,CBC174L1,2.0,14-02-2025,8.0,2.0,8.0,0.0,0.0,-8.0,done
912653.0,16-01-2025,NON EUR1 CALIPER,215106.0,(GAZ) COMLINE IRELAND LIMITED,CBC175R,22.82,3.0,3.0,SPECIAL,0.0,0.0,0.0,8.0,6.0,0.0,2.0,CBC175R1,3.0,29-01-2025,8.0,2.0,3.0,0.0,-2.0,-6.0,done
912653.0,16-01-2025,NON EUR1 CALIPER,215106.0,(GAZ) COMLINE IRELAND LIMITED,CBC188R,20.51,5.0,5.0,SPECIAL,0.0,0.0,0.0,5.0,5.0,0.0,1.0,CBC188R1,5.0,14-02-2025,5.0,1.0,5.0,0.0,0.0,-5.0,done
912653.0,16-01-2025,NON EUR1 CALIPER,215106.0,(GAZ) COMLINE IRELAND LIMITED,CBC219L,19.82,3.0,3.0,SPECIAL,0.0,0.0,0.0,6.0,4.0,0.0,2.0,CBC219L1,1.0,29-01-2025,4.0,2.0,1.0,0.0,-2.0,-4.0,done
912653.0,16-01-2025,NON EUR1 CALIPER,215106.0,(GAZ) COMLINE IRELAND LIMITED,CBC267L,21.1,3.0,3.0,SPECIAL,0.0,0.0,0.0,4.0,3.0,0.0,1.0,CBC267L1,1.0,29-01-2025,4.0,2.0,1.0,0.0,-1.0,-3.0,done
912653.0,16-01-2025,NON EUR1 CALIPER,215106.0,(GAZ) COMLINE IRELAND LIMITED,CBC314L,42.54,2.0,2.0,SPECIAL,0.0,0.0,0.0,2.0,2.0,0.0,1.0,CBC314L1,1.0,14-02-2025,2.0,2.0,1.0,0.0,0.0,-2.0,done
912653.0,16-01-2025,NON EUR1 CALIPER,215106.0,(GAZ) COMLINE IRELAND LIMITED,CBC317L,40.28,2.0,2.0,SPECIAL,0.0,0.0,0.0,2.0,2.0,0.0,1.0,CBC317L1,1.0,14-02-2025,2.0,2.0,2.0,0.0,0.0,-2.0,done
912653.0,16-01-2025,NON EUR1 CALIPER,215106.0,(GAZ) COMLINE IRELAND LIMITED,CBC319R,37.84,2.0,2.0,SPECIAL,0.0,0.0,0.0,4.0,2.0,0.0,1.0,CBC319R1,2.0,14-02-2025,4.0,2.0,2.0,0.0,-2.0,-2.0,done
912653.0,16-01-2025,NON EUR1 CALIPER,215106.0,(GAZ) COMLINE IRELAND LIMITED,CBC321R,35.66,2.0,2.0,SPECIAL,0.0,0.0,0.0,5.0,4.0,0.0,2.0,CBC321R1,2.0,14-02-2025,5.0,3.0,2.0,0.0,-1.0,-4.0,done
912653.0,16-01-2025,NON EUR1 CALIPER,215106.0,(GAZ) COMLINE IRELAND LIMITED,CBC325R,18.75,3.0,3.0,SPECIAL,0.0,0.0,0.0,5.0,5.0,0.0,2.0,CBC325R1,2.0,29-01-2025,5.0,2.0,2.0,0.0,0.0,-5.0,done
912653.0,16-01-2025,NON EUR1 CALIPER,215106.0,(GAZ) COMLINE IRELAND LIMITED,CBC328L,20.92,3.0,3.0,SPECIAL,0.0,0.0,0.0,4.0,3.0,0.0,1.0,CBC328L1,3.0,14-02-2025,4.0,2.0,4.0,0.0,-1.0,-3.0,done
912653.0,16-01-2025,NON EUR1 CALIPER,215106.0,(GAZ) COMLINE IRELAND LIMITED,CBC328R,20.92,3.0,3.0,SPECIAL,0.0,0.0,0.0,4.0,3.0,0.0,1.0,CBC328R1,3.0,14-02-2025,4.0,2.0,4.0,0.0,-1.0,-3.0,done
912653.0,16-01-2025,NON EUR1 CALIPER,215106.0,(GAZ) COMLINE IRELAND LIMITED,CBC329R,25.84,2.0,2.0,SPECIAL,0.0,0.0,0.0,3.0,3.0,0.0,2.0,CBC329R1,1.0,29-01-2025,3.0,2.0,1.0,0.0,0.0,-3.0,done
912653.0,16-01-2025,NON EUR1 CALIPER,215106.0,(GAZ) COMLINE IRELAND LIMITED,CBC335L,14.81,2.0,2.0,SPECIAL,0.0,0.0,0.0,3.0,2.0,0.0,1.0,CBC335L1,3.0,14-02-2025,3.0,1.0,3.0,0.0,-1.0,-2.0,done
912653.0,16-01-2025,NON EUR1 CALIPER,215106.0,(GAZ) COMLINE IRELAND LIMITED,CBC348R,16.63,2.0,2.0,SPECIAL,0.0,0.0,0.0,2.0,2.0,0.0,1.0,CBC348R1,2.0,14-02-2025,2.0,1.0,2.0,0.0,0.0,-2.0,done
912653.0,16-01-2025,NON EUR1 CALIPER,215106.0,(GAZ) COMLINE IRELAND LIMITED,CBC351R,12.49,2.0,2.0,SPECIAL,0.0,0.0,0.0,2.0,2.0,0.0,1.0,CBC351R1,2.0,14-02-2025,2.0,1.0,2.0,0.0,0.0,-2.0,done
912653.0,16-01-2025,NON EUR1 CALIPER,215106.0,(GAZ) COMLINE IRELAND LIMITED,CBC358R,18.77,2.0,2.0,SPECIAL,0.0,0.0,0.0,3.0,2.0,0.0,1.0,CBC358R1,3.0,14-02-2025,3.0,1.0,3.0,0.0,-1.0,-2.0,done
912653.0,16-01-2025,NON EUR1 CALIPER,215106.0,(GAZ) COMLINE IRELAND LIMITED,CBC363R,16.24,2.0,2.0,SPECIAL,0.0,0.0,0.0,2.0,2.0,0.0,1.0,CBC363R1,1.0,14-02-2025,2.0,2.0,2.0,0.0,0.0,-2.0,done
912653.0,16-01-2025,NON EUR1 CALIPER,215106.0,(GAZ) COMLINE IRELAND LIMITED,CBC368R,21.8,2.0,2.0,SPECIAL,0.0,0.0,0.0,2.0,2.0,0.0,1.0,CBC368R1,1.0,14-02-2025,2.0,2.0,2.0,0.0,0.0,-2.0,done
912653.0,16-01-2025,NON EUR1 CALIPER,215106.0,(GAZ) COMLINE IRELAND LIMITED,CBC378L,21.1,5.0,5.0,SPECIAL,0.0,0.0,0.0,6.0,6.0,0.0,2.0,CBC378L1,1.0,29-01-2025,6.0,2.0,1.0,0.0,0.0,-6.0,done
912653.0,16-01-2025,NON EUR1 CALIPER,215106.0,(GAZ) COMLINE IRELAND LIMITED,CBC384L,25.41,2.0,2.0,SPECIAL,0.0,0.0,0.0,2.0,2.0,0.0,1.0,CBC384L1,2.0,14-02-2025,2.0,1.0,2.0,0.0,0.0,-2.0,done
912653.0,16-01-2025,NON EUR1 CALIPER,215106.0,(GAZ) COMLINE IRELAND LIMITED,CBC384R,25.41,2.0,2.0,SPECIAL,0.0,0.0,0.0,2.0,2.0,0.0,1.0,CBC384R1,2.0,14-02-2025,2.0,1.0,2.0,0.0,0.0,-2.0,done
912653.0,16-01-2025,NON EUR1 CALIPER,215106.0,(GAZ) COMLINE IRELAND LIMITED,CBC386L,14.71,2.0,2.0,SPECIAL,0.0,0.0,0.0,4.0,4.0,0.0,2.0,CBC386L1,2.0,29-01-2025,4.0,2.0,2.0,0.0,0.0,-4.0,done
912653.0,16-01-2025,NON EUR1 CALIPER,215106.0,(GAZ) COMLINE IRELAND LIMITED,CBC280L,18.32,8.0,5.0,SPECIAL,0.0,0.0,0.0,10.0,9.0,0.0,3.0,CBC280L1,2.0,29-01-2025,10.0,2.0,2.0,0.0,-1.0,-9.0,done
912653.0,16-01-2025,NON EUR1 CALIPER,215106.0,(GAZ) COMLINE IRELAND LIMITED,CBC288L,22.18,3.0,3.0,SPECIAL,0.0,0.0,0.0,3.0,3.0,0.0,1.0,CBC288L1,3.0,14-02-2025,3.0,1.0,3.0,0.0,0.0,-3.0,done
912653.0,16-01-2025,NON EUR1 CALIPER,215106.0,(GAZ) COMLINE IRELAND LIMITED,CBC288R,22.18,3.0,3.0,SPECIAL,0.0,0.0,0.0,3.0,3.0,0.0,1.0,CBC288R1,3.0,14-02-2025,3.0,1.0,3.0,0.0,0.0,-3.0,done
912653.0,16-01-2025,NON EUR1 CALIPER,215106.0,(GAZ) COMLINE IRELAND LIMITED,CBC299R,19.32,2.0,2.0,SPECIAL,0.0,0.0,0.0,4.0,4.0,0.0,2.0,CBC299R1,2.0,29-01-2025,4.0,2.0,2.0,0.0,0.0,-4.0,done
912653.0,16-01-2025,NON EUR1 CALIPER,215106.0,(GAZ) COMLINE IRELAND LIMITED,CBC408L,27.3,2.0,2.0,SPECIAL,0.0,0.0,0.0,4.0,4.0,0.0,2.0,CBC408L1,2.0,29-01-2025,4.0,2.0,2.0,0.0,0.0,-4.0,done
912653.0,16-01-2025,NON EUR1 CALIPER,215106.0,(GAZ) COMLINE IRELAND LIMITED,CBC408R,27.3,2.0,2.0,SPECIAL,0.0,0.0,0.0,4.0,4.0,0.0,2.0,CBC408R1,2.0,29-01-2025,4.0,2.0,2.0,0.0,0.0,-4.0,done
912653.0,16-01-2025,NON EUR1 CALIPER,215106.0,(GAZ) COMLINE IRELAND LIMITED,CBC480L,25.09,2.0,2.0,SPECIAL,0.0,0.0,0.0,3.0,3.0,0.0,2.0,CBC480L1,1.0,29-01-2025,3.0,2.0,1.0,0.0,0.0,-3.0,done
912653.0,16-01-2025,NON EUR1 CALIPER,215106.0,(GAZ) COMLINE IRELAND LIMITED,CBC495R,18.98,2.0,2.0,SPECIAL,0.0,0.0,0.0,3.0,3.0,0.0,2.0,CBC495R1,1.0,29-01-2025,3.0,2.0,1.0,0.0,0.0,-3.0,done
912653.0,16-01-2025,NON EUR1 CALIPER,215106.0,(GAZ) COMLINE IRELAND LIMITED,CBC440R,17.81,2.0,2.0,SPECIAL,0.0,0.0,0.0,2.0,2.0,0.0,1.0,CBC440R1,2.0,14-02-2025,2.0,1.0,2.0,0.0,0.0,-2.0,done
912653.0,16-01-2025,NON EUR1 CALIPER,215106.0,(GAZ) COMLINE IRELAND LIMITED,CBC420L,20.41,2.0,2.0,SPECIAL,0.0,0.0,0.0,4.0,4.0,0.0,2.0,CBC420L1,2.0,29-01-2025,4.0,2.0,2.0,0.0,0.0,-4.0,done
912653.0,16-01-2025,NON EUR1 CALIPER,215106.0,(GAZ) COMLINE IRELAND LIMITED,CBC420R,20.41,2.0,2.0,SPECIAL,0.0,0.0,0.0,4.0,4.0,0.0,2.0,CBC420R1,2.0,29-01-2025,4.0,2.0,2.0,0.0,0.0,-4.0,done
904652.0,19-11-2024,NON EUR1 CALIPER + WBK + CVJOINT,206304.0,(GAZ) COMLINE IRELAND LIMITED,CBC420L,20.41,2.0,2.0,SPECIAL,0.0,0.0,0.0,4.0,4.0,0.0,2.0,CBC420L1,2.0,29-01-2025,4.0,2.0,2.0,0.0,0.0,-4.0,done
904652.0,19-11-2024,NON EUR1 CALIPER + WBK + CVJOINT,206304.0,(GAZ) COMLINE IRELAND LIMITED,CBC420R,20.41,2.0,2.0,SPECIAL,0.0,0.0,0.0,4.0,4.0,0.0,2.0,CBC420R1,2.0,29-01-2025,4.0,2.0,2.0,0.0,0.0,-4.0,done
904652.0,19-11-2024,NON EUR1 CALIPER + WBK + CVJOINT,206304.0,(GAZ) COMLINE IRELAND LIMITED,CBC428L,24.04,2.0,2.0,SPECIAL,0.0,0.0,0.0,4.0,4.0,0.0,2.0,CBC428L1,2.0,29-01-2025,4.0,2.0,2.0,0.0,0.0,-4.0,done
904652.0,19-11-2024,NON EUR1 CALIPER + WBK + CVJOINT,206304.0,(GAZ) COMLINE IRELAND LIMITED,CBC428R,24.04,2.0,2.0,SPECIAL,0.0,0.0,0.0,4.0,4.0,0.0,2.0,CBC428R1,2.0,29-01-2025,4.0,2.0,2.0,0.0,0.0,-4.0,done
912653.0,16-01-2025,NON EUR1 CALIPER,215106.0,(GAZ) COMLINE IRELAND LIMITED,CBC428L,24.04,2.0,2.0,SPECIAL,0.0,0.0,0.0,4.0,4.0,0.0,2.0,CBC428L1,2.0,29-01-2025,4.0,2.0,2.0,0.0,0.0,-4.0,done
912653.0,16-01-2025,NON EUR1 CALIPER,215106.0,(GAZ) COMLINE IRELAND LIMITED,CBC428R,24.04,2.0,2.0,SPECIAL,0.0,0.0,0.0,4.0,4.0,0.0,2.0,CBC428R1,2.0,29-01-2025,4.0,2.0,2.0,0.0,0.0,-4.0,done
912653.0,16-01-2025,NON EUR1 CALIPER,215106.0,(GAZ) COMLINE IRELAND LIMITED,CBC427R,19.59,2.0,2.0,SPECIAL,0.0,0.0,0.0,2.0,2.0,0.0,1.0,CBC427R1,1.0,14-02-2025,2.0,2.0,2.0,0.0,0.0,-2.0,done
912653.0,16-01-2025,NON EUR1 CALIPER,215106.0,(GAZ) COMLINE IRELAND LIMITED,CBC430L,22.8,3.0,3.0,SPECIAL,0.0,0.0,0.0,5.0,5.0,0.0,2.0,CBC430L1,2.0,29-01-2025,5.0,2.0,2.0,0.0,0.0,-5.0,done
906952.0,03-12-2024,NON EUR1 CALIPER+WBK+CVJOINT+STSUP,209104.0,(GAZ) COMLINE IRELAND LIMITED,CBC430L,22.8,2.0,2.0,SPECIAL,0.0,0.0,0.0,5.0,5.0,0.0,2.0,CBC430L1,2.0,29-01-2025,5.0,2.0,2.0,0.0,0.0,-5.0,done
912653.0,16-01-2025,NON EUR1 CALIPER,215106.0,(GAZ) COMLINE IRELAND LIMITED,CBC410R,23.32,2.0,2.0,SPECIAL,0.0,0.0,0.0,2.0,2.0,0.0,1.0,CBC410R1,2.0,14-02-2025,2.0,1.0,2.0,0.0,0.0,-2.0,done
906952.0,03-12-2024,NON EUR1 CALIPER+WBK+CVJOINT+STSUP,209104.0,(GAZ) COMLINE IRELAND LIMITED,CBC413L,21.77,2.0,1.0,SPECIAL,0.0,0.0,0.0,3.0,1.0,0.0,1.0,CBC413L1,1.0,29-01-2025,1.0,1.0,1.0,0.0,-2.0,-1.0,done
912653.0,16-01-2025,NON EUR1 CALIPER,215106.0,(GAZ) COMLINE IRELAND LIMITED,CBC468L,30.54,2.0,2.0,SPECIAL,0.0,0.0,0.0,2.0,2.0,0.0,1.0,CBC468L1,2.0,14-02-2025,2.0,1.0,2.0,0.0,0.0,-2.0,done
912653.0,16-01-2025,NON EUR1 CALIPER,215106.0,(GAZ) COMLINE IRELAND LIMITED,CBC468R,30.54,2.0,2.0,SPECIAL,0.0,0.0,0.0,2.0,2.0,0.0,1.0,CBC468R1,2.0,14-02-2025,2.0,1.0,2.0,0.0,0.0,-2.0,done
912653.0,16-01-2025,NON EUR1 CALIPER,215106.0,(GAZ) COMLINE IRELAND LIMITED,CBC422L,17.64,3.0,3.0,SPECIAL,0.0,0.0,0.0,3.0,3.0,0.0,1.0,CBC422L1,3.0,14-02-2025,3.0,1.0,3.0,0.0,0.0,-3.0,done
912653.0,16-01-2025,NON EUR1 CALIPER,215106.0,(GAZ) COMLINE IRELAND LIMITED,CBC422R,17.64,2.0,2.0,SPECIAL,0.0,0.0,0.0,2.0,2.0,0.0,1.0,CBC422R1,2.0,07-03-2025,2.0,1.0,2.0,0.0,0.0,-2.0,done
912653.0,16-01-2025,NON EUR1 CALIPER,215106.0,(GAZ) COMLINE IRELAND LIMITED,CBC123L,16.04,3.0,2.0,V-SLOW,0.0,0.0,0.0,4.0,2.0,0.0,1.0,CBC123L1,1.0,29-01-2025,5.0,3.0,1.0,0.0,-2.0,-2.0,done
912653.0,16-01-2025,NON EUR1 CALIPER,215106.0,(GAZ) COMLINE IRELAND LIMITED,CBC099L,18.72,4.0,3.0,SPECIAL,0.0,0.0,0.0,6.0,3.0,0.0,1.0,CBC099L1,2.0,14-02-2025,4.0,2.0,4.0,0.0,-3.0,-3.0,done
912653.0,16-01-2025,NON EUR1 CALIPER,215106.0,(GAZ) COMLINE IRELAND LIMITED,CBC085L,16.48,3.0,3.0,SLOW,0.0,0.0,0.0,13.0,3.0,0.0,1.0,CBC085L1,1.0,29-01-2025,15.0,3.0,3.0,0.0,-10.0,-3.0,done
912653.0,16-01-2025,NON EUR1 CALIPER,215106.0,(GAZ) COMLINE IRELAND LIMITED,CBC670L,16.49,2.0,2.0,SPECIAL,0.0,0.0,0.0,3.0,3.0,0.0,2.0,CBC670L1,1.0,07-03-2025,3.0,2.0,3.0,0.0,0.0,-3.0,done
912653.0,16-01-2025,NON EUR1 CALIPER,215106.0,(GAZ) COMLINE IRELAND LIMITED,CBC740L,28.09,2.0,2.0,SPECIAL,0.0,0.0,0.0,2.0,2.0,0.0,1.0,CBC740L1,2.0,14-02-2025,2.0,1.0,2.0,0.0,0.0,-2.0,done
912653.0,16-01-2025,NON EUR1 CALIPER,215106.0,(GAZ) COMLINE IRELAND LIMITED,CBC775L,42.22,2.0,2.0,SPECIAL,0.0,0.0,0.0,4.0,4.0,0.0,2.0,CBC775L1,2.0,29-01-2025,4.0,2.0,2.0,0.0,0.0,-4.0,done
904652.0,19-11-2024,NON EUR1 CALIPER + WBK + CVJOINT,206304.0,(GAZ) COMLINE IRELAND LIMITED,CBC775L,42.22,2.0,2.0,SPECIAL,0.0,0.0,0.0,4.0,4.0,0.0,2.0,CBC775L1,2.0,29-01-2025,4.0,2.0,2.0,0.0,0.0,-4.0,done
897939.0,09-10-2024,DIR VIA GREECE - NON EUR1 - BRAKE CALIPER,43164101.0,(GAZ) COMLINE IRELAND LIMITED,CBC550L,25.22,1.0,1.0,SPECIAL,0.0,0.0,0.0,1.0,1.0,0.0,1.0,CBC550L1,1.0,14-02-2025,1.0,1.0,1.0,0.0,0.0,-1.0,done
902081.0,05-11-2024,NON EUR1 CALIPER + CVJOINT + STSUP + WBK,203405.0,(GAZ) COMLINE IRELAND LIMITED,CBC670L,16.49,2.0,1.0,SPECIAL,0.0,0.0,0.0,3.0,3.0,0.0,2.0,CBC670L1,1.0,07-03-2025,3.0,2.0,3.0,0.0,0.0,-3.0,done
904652.0,19-11-2024,NON EUR1 CALIPER + WBK + CVJOINT,206304.0,(GAZ) COMLINE IRELAND LIMITED,CBC094L,20.56,2.0,2.0,V-SLOW,1.0,0.0,1.0,5.0,2.0,0.0,1.0,CBC094L1,2.0,29-01-2025,4.0,2.0,4.0,0.0,-3.0,-2.0,done
897939.0,09-10-2024,DIR VIA GREECE - NON EUR1 - BRAKE CALIPER,43164101.0,(GAZ) COMLINE IRELAND LIMITED,CBC690R,21.39,1.0,1.0,SPECIAL,0.0,0.0,0.0,1.0,1.0,0.0,1.0,CBC690R1,1.0,07-03-2025,1.0,1.0,1.0,0.0,0.0,-1.0,done
912653.0,16-01-2025,NON EUR1 CALIPER,215106.0,(GAZ) COMLINE IRELAND LIMITED,CBC802R,17.63,2.0,2.0,SPECIAL,0.0,0.0,0.0,2.0,2.0,0.0,1.0,CBC802R1,2.0,14-02-2025,2.0,1.0,2.0,0.0,0.0,-2.0,done
912653.0,16-01-2025,NON EUR1 CALIPER,215106.0,(GAZ) COMLINE IRELAND LIMITED,CBC740R,28.09,2.0,2.0,SPECIAL,0.0,0.0,0.0,2.0,2.0,0.0,1.0,CBC740R1,2.0,14-02-2025,2.0,1.0,2.0,0.0,0.0,-2.0,done
912653.0,16-01-2025,NON EUR1 CALIPER,215106.0,(GAZ) COMLINE IRELAND LIMITED,CBC670R,16.49,2.0,2.0,SPECIAL,0.0,0.0,0.0,2.0,2.0,0.0,1.0,CBC670R1,2.0,14-02-2025,2.0,1.0,2.0,0.0,0.0,-2.0,done
912653.0,16-01-2025,NON EUR1 CALIPER,215106.0,(GAZ) COMLINE IRELAND LIMITED,CBC312R,50.18,2.0,1.0,SPECIAL,0.0,0.0,0.0,1.0,1.0,0.0,1.0,CBC312R1,1.0,14-02-2025,1.0,1.0,1.0,0.0,0.0,-1.0,done
912653.0,16-01-2025,NON EUR1 CALIPER,215106.0,(GAZ) COMLINE IRELAND LIMITED,CBC209L,16.16,3.0,3.0,SPECIAL,0.0,0.0,0.0,3.0,3.0,0.0,1.0,CBC209L1,3.0,14-02-2025,3.0,1.0,3.0,0.0,0.0,-3.0,done
904652.0,19-11-2024,NON EUR1 CALIPER + WBK + CVJOINT,206304.0,(GAZ) COMLINE IRELAND LIMITED,CBC077L,15.46,2.0,2.0,SPECIAL,0.0,0.0,0.0,4.0,4.0,0.0,2.0,CBC077L1,2.0,29-01-2025,4.0,2.0,2.0,0.0,0.0,-4.0,done
912650.0,16-01-2025,NON EUR1 CALIPER,215105.0,(GAZ) COMLINE IRELAND LIMITED,CBC077L,15.46,2.0,2.0,SPECIAL,0.0,0.0,0.0,4.0,4.0,0.0,2.0,CBC077L1,2.0,29-01-2025,4.0,2.0,2.0,0.0,0.0,-4.0,done
912650.0,16-01-2025,NON EUR1 CALIPER,215105.0,(GAZ) COMLINE IRELAND LIMITED,CBC066L,17.06,2.0,2.0,SPECIAL,0.0,0.0,0.0,2.0,2.0,0.0,1.0,CBC066L1,1.0,14-02-2025,2.0,2.0,2.0,0.0,0.0,-2.0,done
904652.0,19-11-2024,NON EUR1 CALIPER + WBK + CVJOINT,206304.0,(GAZ) COMLINE IRELAND LIMITED,CBC500L,25.57,2.0,2.0,SPECIAL,0.0,0.0,0.0,4.0,4.0,0.0,2.0,CBC500L1,2.0,29-01-2025,4.0,2.0,2.0,0.0,0.0,-4.0,done
912653.0,16-01-2025,NON EUR1 CALIPER,215106.0,(GAZ) COMLINE IRELAND LIMITED,CBC500L,25.57,2.0,2.0,SPECIAL,0.0,0.0,0.0,4.0,4.0,0.0,2.0,CBC500L1,2.0,29-01-2025,4.0,2.0,2.0,0.0,0.0,-4.0,done
912650.0,16-01-2025,NON EUR1 CALIPER,215105.0,(GAZ) COMLINE IRELAND LIMITED,CBC077R,15.46,2.0,2.0,SPECIAL,0.0,0.0,0.0,2.0,2.0,0.0,1.0,CBC077R1,1.0,14-02-2025,2.0,2.0,2.0,0.0,0.0,-2.0,done
904652.0,19-11-2024,NON EUR1 CALIPER + WBK + CVJOINT,206304.0,(GAZ) COMLINE IRELAND LIMITED,CBC500R,25.57,2.0,2.0,SPECIAL,0.0,0.0,0.0,4.0,4.0,0.0,2.0,CBC500R1,2.0,29-01-2025,4.0,2.0,2.0,0.0,0.0,-4.0,done
912653.0,16-01-2025,NON EUR1 CALIPER,215106.0,(GAZ) COMLINE IRELAND LIMITED,CBC500R,25.57,2.0,2.0,SPECIAL,0.0,0.0,0.0,4.0,4.0,0.0,2.0,CBC500R1,2.0,29-01-2025,4.0,2.0,2.0,0.0,0.0,-4.0,done
912650.0,16-01-2025,NON EUR1 CALIPER,215105.0,(GAZ) COMLINE IRELAND LIMITED,CBC168L,16.19,2.0,2.0,SPECIAL,0.0,0.0,0.0,2.0,2.0,0.0,1.0,CBC168L1,1.0,14-02-2025,2.0,2.0,2.0,0.0,0.0,-2.0,done
912650.0,16-01-2025,NON EUR1 CALIPER,215105.0,(GAZ) COMLINE IRELAND LIMITED,CBC039L,15.71,2.0,1.0,SPECIAL,0.0,0.0,0.0,3.0,2.0,0.0,2.0,CBC039L1,1.0,29-01-2025,3.0,2.0,1.0,0.0,-1.0,-2.0,done
906952.0,03-12-2024,NON EUR1 CALIPER+WBK+CVJOINT+STSUP,209104.0,(GAZ) COMLINE IRELAND LIMITED,CBC039L,15.71,1.0,1.0,SPECIAL,0.0,0.0,0.0,3.0,2.0,0.0,2.0,CBC039L1,1.0,29-01-2025,3.0,2.0,1.0,0.0,-1.0,-2.0,done
912650.0,16-01-2025,NON EUR1 CALIPER,215105.0,(GAZ) COMLINE IRELAND LIMITED,CBC178L,17.09,2.0,2.0,SPECIAL,0.0,0.0,0.0,2.0,2.0,0.0,1.0,CBC178L1,2.0,14-02-2025,2.0,1.0,2.0,0.0,0.0,-2.0,done
912653.0,16-01-2025,NON EUR1 CALIPER,215106.0,(GAZ) COMLINE IRELAND LIMITED,CBC458L,22.9,2.0,1.0,SPECIAL,0.0,0.0,0.0,2.0,1.0,0.0,1.0,CBC458L1,2.0,14-02-2025,2.0,1.0,2.0,0.0,-1.0,-1.0,done
912653.0,16-01-2025,NON EUR1 CALIPER,215106.0,(GAZ) COMLINE IRELAND LIMITED,CBC252L,12.79,3.0,3.0,SPECIAL,0.0,0.0,0.0,6.0,6.0,0.0,2.0,CBC252L1,3.0,29-01-2025,6.0,2.0,3.0,0.0,0.0,-6.0,done
906952.0,03-12-2024,NON EUR1 CALIPER+WBK+CVJOINT+STSUP,209104.0,(GAZ) COMLINE IRELAND LIMITED,CBC252L,12.79,3.0,3.0,SPECIAL,0.0,0.0,0.0,6.0,6.0,0.0,2.0,CBC252L1,3.0,29-01-2025,6.0,2.0,3.0,0.0,0.0,-6.0,done
912653.0,16-01-2025,NON EUR1 CALIPER,215106.0,(GAZ) COMLINE IRELAND LIMITED,CBC180R,14.74,3.0,3.0,SPECIAL,0.0,0.0,0.0,3.0,3.0,0.0,1.0,CBC180R1,3.0,14-02-2025,3.0,1.0,3.0,0.0,0.0,-3.0,done
912653.0,16-01-2025,NON EUR1 CALIPER,215106.0,(GAZ) COMLINE IRELAND LIMITED,CBC440L,17.81,2.0,2.0,SPECIAL,0.0,0.0,0.0,2.0,2.0,0.0,1.0,CBC440L1,1.0,14-02-2025,2.0,2.0,2.0,0.0,0.0,-2.0,done
912653.0,16-01-2025,NON EUR1 CALIPER,215106.0,(GAZ) COMLINE IRELAND LIMITED,CBC458R,22.9,2.0,1.0,SPECIAL,0.0,0.0,0.0,2.0,1.0,0.0,1.0,CBC458R1,2.0,14-02-2025,2.0,1.0,2.0,0.0,-1.0,-1.0,done
912650.0,16-01-2025,NON EUR1 CALIPER,215105.0,(GAZ) COMLINE IRELAND LIMITED,CBC252R,12.79,2.0,2.0,SPECIAL,0.0,0.0,0.0,5.0,5.0,0.0,2.0,CBC252R1,3.0,29-01-2025,5.0,2.0,3.0,0.0,0.0,-5.0,done
906952.0,03-12-2024,NON EUR1 CALIPER+WBK+CVJOINT+STSUP,209104.0,(GAZ) COMLINE IRELAND LIMITED,CBC252R,12.79,3.0,3.0,SPECIAL,0.0,0.0,0.0,5.0,5.0,0.0,2.0,CBC252R1,3.0,29-01-2025,5.0,2.0,3.0,0.0,0.0,-5.0,done
904652.0,19-11-2024,NON EUR1 CALIPER + WBK + CVJOINT,206304.0,(GAZ) COMLINE IRELAND LIMITED,CBC268L,23.32,2.0,2.0,SPECIAL,0.0,0.0,0.0,2.0,2.0,0.0,1.0,CBC268L1,2.0,29-01-2025,2.0,1.0,2.0,0.0,0.0,-2.0,done
900927.0,29-10-2024,NON EUR1 - CALIPER+CVJOINT+STSUP+WBK,202305.0,(GAZ) COMLINE IRELAND LIMITED,CBC159L,25.59,2.0,1.0,SPECIAL,0.0,0.0,0.0,1.0,1.0,0.0,1.0,CBC159L1,1.0,29-01-2025,1.0,1.0,1.0,0.0,0.0,-1.0,done
904652.0,19-11-2024,NON EUR1 CALIPER + WBK + CVJOINT,206304.0,(GAZ) COMLINE IRELAND LIMITED,CBC133L,13.97,2.0,2.0,SPECIAL,0.0,0.0,0.0,4.0,4.0,0.0,2.0,CBC133L1,2.0,29-01-2025,4.0,2.0,2.0,0.0,0.0,-4.0,done
912650.0,16-01-2025,NON EUR1 CALIPER,215105.0,(GAZ) COMLINE IRELAND LIMITED,CBC133L,13.97,2.0,2.0,SPECIAL,0.0,0.0,0.0,4.0,4.0,0.0,2.0,CBC133L1,2.0,29-01-2025,4.0,2.0,2.0,0.0,0.0,-4.0,done
912650.0,16-01-2025,NON EUR1 CALIPER,215105.0,(GAZ) COMLINE IRELAND LIMITED,CBC196L,14.08,2.0,2.0,SPECIAL,0.0,0.0,0.0,2.0,2.0,0.0,1.0,CBC196L1,2.0,14-02-2025,2.0,1.0,2.0,0.0,0.0,-2.0,done
912650.0,16-01-2025,NON EUR1 CALIPER,215105.0,(GAZ) COMLINE IRELAND LIMITED,CBC136R,20.07,1.0,1.0,SPECIAL,0.0,0.0,0.0,8.0,1.0,0.0,1.0,CBC136R1,1.0,29-01-2025,4.0,2.0,1.0,0.0,-7.0,-1.0,done
912650.0,16-01-2025,NON EUR1 CALIPER,215105.0,(GAZ) COMLINE IRELAND LIMITED,CBC139R,16.27,2.0,2.0,SPECIAL,0.0,0.0,0.0,2.0,2.0,0.0,1.0,CBC139R1,2.0,14-02-2025,2.0,1.0,2.0,0.0,0.0,-2.0,done
912650.0,16-01-2025,NON EUR1 CALIPER,215105.0,(GAZ) COMLINE IRELAND LIMITED,CBC196R,14.08,2.0,2.0,SPECIAL,0.0,0.0,0.0,2.0,2.0,0.0,1.0,CBC196R1,2.0,14-02-2025,2.0,1.0,2.0,0.0,0.0,-2.0,done
912650.0,16-01-2025,NON EUR1 CALIPER,215105.0,(GAZ) COMLINE IRELAND LIMITED,CBC026L,16.56,55.0,46.0,SLOW,0.0,0.0,0.0,46.0,46.0,0.0,1.0,CBC026L1,18.0,29-01-2025,75.0,3.0,18.0,0.0,0.0,-46.0,done
906952.0,03-12-2024,NON EUR1 CALIPER+WBK+CVJOINT+STSUP,209104.0,(GAZ) COMLINE IRELAND LIMITED,CBC309L,40.63,1.0,1.0,SPECIAL,0.0,0.0,0.0,12.0,5.0,0.0,2.0,CBC309L1,2.0,29-01-2025,8.0,2.0,2.0,0.0,-7.0,-5.0,done
912653.0,16-01-2025,NON EUR1 CALIPER,215106.0,(GAZ) COMLINE IRELAND LIMITED,CBC309L,40.63,5.0,4.0,SPECIAL,0.0,0.0,0.0,12.0,5.0,0.0,2.0,CBC309L1,2.0,29-01-2025,8.0,2.0,2.0,0.0,-7.0,-5.0,done
912650.0,16-01-2025,NON EUR1 CALIPER,215105.0,(GAZ) COMLINE IRELAND LIMITED,CBC054L,22.18,2.0,2.0,SPECIAL,0.0,0.0,0.0,5.0,4.0,0.0,2.0,CBC054L1,1.0,29-01-2025,5.0,4.0,3.0,0.0,-1.0,-4.0,done
894006.0,18-09-2024,NON EUR1 - CALIPER+CVJOINT+STSUP+WBK,192703.0,(GAZ) COMLINE IRELAND LIMITED,CBC054L,22.18,2.0,2.0,SPECIAL,0.0,0.0,0.0,5.0,4.0,0.0,2.0,CBC054L1,1.0,29-01-2025,5.0,4.0,3.0,0.0,-1.0,-4.0,done
904652.0,19-11-2024,NON EUR1 CALIPER + WBK + CVJOINT,206304.0,(GAZ) COMLINE IRELAND LIMITED,CBC035L,13.68,2.0,2.0,SPECIAL,0.0,0.0,0.0,5.0,2.0,0.0,1.0,CBC035L1,2.0,29-01-2025,3.0,2.0,3.0,0.0,-3.0,-2.0,done
912650.0,16-01-2025,NON EUR1 CALIPER,215105.0,(GAZ) COMLINE IRELAND LIMITED,CBC051L,19.2,2.0,2.0,SPECIAL,0.0,0.0,0.0,8.0,3.0,0.0,2.0,CBC051L1,1.0,29-01-2025,6.0,3.0,1.0,0.0,-5.0,-3.0,done
911500.0,08-01-2025,NON EUR1 - BACK ORDER,39269.0,(GAZ) COMLINE IRELAND LIMITED,CBC051L,19.2,1.0,1.0,SPECIAL,0.0,0.0,0.0,8.0,3.0,0.0,2.0,CBC051L1,1.0,29-01-2025,6.0,3.0,1.0,0.0,-5.0,-3.0,done
906952.0,03-12-2024,NON EUR1 CALIPER+WBK+CVJOINT+STSUP,209104.0,(GAZ) COMLINE IRELAND LIMITED,CBC100L,18.08,2.0,1.0,V-SLOW,0.0,0.0,0.0,5.0,1.0,0.0,1.0,CBC100L1,2.0,29-01-2025,10.0,3.0,8.0,0.0,-4.0,-1.0,done
912650.0,16-01-2025,NON EUR1 CALIPER,215105.0,(GAZ) COMLINE IRELAND LIMITED,CBC048L,18.24,9.0,7.0,SPECIAL,1.0,0.0,1.0,11.0,9.0,0.0,2.0,CBC048L1,5.0,29-01-2025,11.0,2.0,5.0,0.0,-2.0,-9.0,done
900927.0,29-10-2024,NON EUR1 - CALIPER+CVJOINT+STSUP+WBK,202305.0,(GAZ) COMLINE IRELAND LIMITED,CBC048L,18.24,2.0,2.0,SPECIAL,1.0,0.0,1.0,11.0,9.0,0.0,2.0,CBC048L1,5.0,29-01-2025,11.0,2.0,5.0,0.0,-2.0,-9.0,done
904652.0,19-11-2024,NON EUR1 CALIPER + WBK + CVJOINT,206304.0,(GAZ) COMLINE IRELAND LIMITED,CBC030L,15.55,8.0,7.0,V-SLOW,0.0,0.0,0.0,18.0,10.0,0.0,2.0,CBC030L1,12.0,29-01-2025,18.0,3.0,12.0,0.0,-8.0,-10.0,done
912650.0,16-01-2025,NON EUR1 CALIPER,215105.0,(GAZ) COMLINE IRELAND LIMITED,CBC032L,18.25,2.0,1.0,SPECIAL,0.0,0.0,0.0,1.0,1.0,0.0,1.0,CBC032L1,1.0,14-02-2025,1.0,1.0,1.0,0.0,0.0,-1.0,done
912653.0,16-01-2025,NON EUR1 CALIPER,215106.0,(GAZ) COMLINE IRELAND LIMITED,CBC030L,15.55,3.0,3.0,V-SLOW,0.0,0.0,0.0,18.0,10.0,0.0,2.0,CBC030L1,12.0,29-01-2025,18.0,3.0,12.0,0.0,-8.0,-10.0,done
912653.0,16-01-2025,NON EUR1 CALIPER,215106.0,(GAZ) COMLINE IRELAND LIMITED,CBC005L,18.26,3.0,3.0,V-SLOW,0.0,0.0,0.0,7.0,3.0,0.0,1.0,CBC005L1,2.0,29-01-2025,13.0,4.0,6.0,0.0,-4.0,-3.0,done
912650.0,16-01-2025,NON EUR1 CALIPER,215105.0,(GAZ) COMLINE IRELAND LIMITED,CBC015L,21.25,2.0,2.0,SPECIAL,0.0,0.0,0.0,5.0,4.0,0.0,2.0,CBC015L1,3.0,29-01-2025,5.0,2.0,3.0,0.0,-1.0,-4.0,done
897549.0,08-10-2024,NON EUR1 CALIPER+WBK,197606.0,(GAZ) COMLINE IRELAND LIMITED,CBC015L,21.25,2.0,2.0,SPECIAL,0.0,0.0,0.0,5.0,4.0,0.0,2.0,CBC015L1,3.0,29-01-2025,5.0,2.0,3.0,0.0,-1.0,-4.0,done
906952.0,03-12-2024,NON EUR1 CALIPER+WBK+CVJOINT+STSUP,209104.0,(GAZ) COMLINE IRELAND LIMITED,CBC031L,21.52,1.0,1.0,SPECIAL,0.0,0.0,0.0,3.0,1.0,0.0,1.0,CBC031L1,1.0,29-01-2025,1.0,1.0,1.0,0.0,-2.0,-1.0,done
906952.0,03-12-2024,NON EUR1 CALIPER+WBK+CVJOINT+STSUP,209104.0,(GAZ) COMLINE IRELAND LIMITED,CBC003L,16.7,9.0,9.0,SLOW,1.0,0.0,0.0,67.0,48.0,1.0,2.0,CBC003L1,8.0,29-01-2025,79.0,4.0,19.0,,-19.0,-47.0,
912650.0,16-01-2025,NON EUR1 CALIPER,215105.0,(GAZ) COMLINE IRELAND LIMITED,CBC003L,16.7,44.0,39.0,SLOW,1.0,0.0,0.0,67.0,48.0,1.0,2.0,CBC003L1,8.0,29-01-2025,79.0,4.0,19.0,,-19.0,-47.0,
904652.0,19-11-2024,NON EUR1 CALIPER + WBK + CVJOINT,206304.0,(GAZ) COMLINE IRELAND LIMITED,CBC120L,17.3,2.0,2.0,V-SLOW,0.0,0.0,0.0,11.0,9.0,0.0,2.0,CBC120L1,2.0,29-01-2025,13.0,3.0,5.0,0.0,-2.0,-9.0,done
912653.0,16-01-2025,NON EUR1 CALIPER,215106.0,(GAZ) COMLINE IRELAND LIMITED,CBC120L,17.3,8.0,7.0,V-SLOW,0.0,0.0,0.0,11.0,9.0,0.0,2.0,CBC120L1,2.0,29-01-2025,13.0,3.0,5.0,0.0,-2.0,-9.0,done
904652.0,19-11-2024,NON EUR1 CALIPER + WBK + CVJOINT,206304.0,(GAZ) COMLINE IRELAND LIMITED,CBC050L,20.4,2.0,2.0,SPECIAL,0.0,0.0,0.0,8.0,3.0,0.0,2.0,CBC050L1,2.0,29-01-2025,6.0,3.0,2.0,0.0,-5.0,-3.0,done
902081.0,05-11-2024,NON EUR1 CALIPER + CVJOINT + STSUP + WBK,203405.0,(GAZ) COMLINE IRELAND LIMITED,CBC050L,20.4,1.0,1.0,SPECIAL,0.0,0.0,0.0,8.0,3.0,0.0,2.0,CBC050L1,2.0,29-01-2025,6.0,3.0,2.0,0.0,-5.0,-3.0,done
900927.0,29-10-2024,NON EUR1 - CALIPER+CVJOINT+STSUP+WBK,202305.0,(GAZ) COMLINE IRELAND LIMITED,CBC467L,19.44,2.0,1.0,SPECIAL,0.0,0.0,0.0,3.0,2.0,0.0,2.0,CBC467L1,1.0,29-01-2025,3.0,2.0,1.0,0.0,-1.0,-2.0,done
912653.0,16-01-2025,NON EUR1 CALIPER,215106.0,(GAZ) COMLINE IRELAND LIMITED,CBC467L,19.44,2.0,1.0,SPECIAL,0.0,0.0,0.0,3.0,2.0,0.0,2.0,CBC467L1,1.0,29-01-2025,3.0,2.0,1.0,0.0,-1.0,-2.0,done
912653.0,16-01-2025,NON EUR1 CALIPER,215106.0,(GAZ) COMLINE IRELAND LIMITED,CBC033L,34.1,7.0,7.0,V-SLOW,0.0,0.0,0.0,24.0,14.0,0.0,2.0,CBC033L1,9.0,29-01-2025,28.0,2.0,9.0,0.0,-10.0,-14.0,done
912650.0,16-01-2025,NON EUR1 CALIPER,215105.0,(GAZ) COMLINE IRELAND LIMITED,CBC095L,34.1,27.0,26.0,V-SLOW,0.0,0.0,0.0,60.0,36.0,0.0,2.0,CBC095L1,16.0,29-01-2025,71.0,3.0,34.0,0.0,-24.0,-36.0,done
906952.0,03-12-2024,NON EUR1 CALIPER+WBK+CVJOINT+STSUP,209104.0,(GAZ) COMLINE IRELAND LIMITED,CBC033L,34.1,10.0,7.0,V-SLOW,0.0,0.0,0.0,24.0,14.0,0.0,2.0,CBC033L1,9.0,29-01-2025,28.0,2.0,9.0,0.0,-10.0,-14.0,done
906952.0,03-12-2024,NON EUR1 CALIPER+WBK+CVJOINT+STSUP,209104.0,(GAZ) COMLINE IRELAND LIMITED,CBC095L,34.1,10.0,10.0,V-SLOW,0.0,0.0,0.0,60.0,36.0,0.0,2.0,CBC095L1,16.0,29-01-2025,71.0,3.0,34.0,0.0,-24.0,-36.0,done
900927.0,29-10-2024,NON EUR1 - CALIPER+CVJOINT+STSUP+WBK,202305.0,(GAZ) COMLINE IRELAND LIMITED,CBC063R,19.07,4.0,4.0,SLOW,0.0,0.0,0.0,56.0,35.0,0.0,5.0,CBC063R1,2.0,29-01-2025,67.0,7.0,43.0,0.0,-21.0,-35.0,done
897939.0,09-10-2024,DIR VIA GREECE - NON EUR1 - BRAKE CALIPER,43164101.0,(GAZ) COMLINE IRELAND LIMITED,CBC063R,19.07,16.0,16.0,SLOW,0.0,0.0,0.0,56.0,35.0,0.0,5.0,CBC063R1,2.0,29-01-2025,67.0,7.0,43.0,0.0,-21.0,-35.0,done
897549.0,08-10-2024,NON EUR1 CALIPER+WBK,197606.0,(GAZ) COMLINE IRELAND LIMITED,CBC063R,19.07,5.0,5.0,SLOW,0.0,0.0,0.0,56.0,35.0,0.0,5.0,CBC063R1,2.0,29-01-2025,67.0,7.0,43.0,0.0,-21.0,-35.0,done
896254.0,01-10-2024,NON EUR1 - CALIPER+CVJOINT+BRAKE DISC+WBK,196306.0,(GAZ) COMLINE IRELAND LIMITED,CBC063R,19.07,2.0,2.0,SLOW,0.0,0.0,0.0,56.0,35.0,0.0,5.0,CBC063R1,2.0,29-01-2025,67.0,7.0,43.0,0.0,-21.0,-35.0,done
912653.0,16-01-2025,NON EUR1 CALIPER,215106.0,(GAZ) COMLINE IRELAND LIMITED,CBC063R,19.07,8.0,8.0,SLOW,0.0,0.0,0.0,56.0,35.0,0.0,5.0,CBC063R1,2.0,29-01-2025,67.0,7.0,43.0,0.0,-21.0,-35.0,done
912653.0,16-01-2025,NON EUR1 CALIPER,215106.0,(GAZ) COMLINE IRELAND LIMITED,CBC309R,40.63,6.0,4.0,SPECIAL,0.0,0.0,0.0,13.0,7.0,0.0,3.0,CBC309R1,2.0,29-01-2025,9.0,3.0,3.0,0.0,-6.0,-7.0,done
906952.0,03-12-2024,NON EUR1 CALIPER+WBK+CVJOINT+STSUP,209104.0,(GAZ) COMLINE IRELAND LIMITED,CBC309R,40.63,1.0,1.0,SPECIAL,0.0,0.0,0.0,13.0,7.0,0.0,3.0,CBC309R1,2.0,29-01-2025,9.0,3.0,3.0,0.0,-6.0,-7.0,done
904652.0,19-11-2024,NON EUR1 CALIPER + WBK + CVJOINT,206304.0,(GAZ) COMLINE IRELAND LIMITED,CBC309R,40.63,2.0,2.0,SPECIAL,0.0,0.0,0.0,13.0,7.0,0.0,3.0,CBC309R1,2.0,29-01-2025,9.0,3.0,3.0,0.0,-6.0,-7.0,done
912653.0,16-01-2025,NON EUR1 CALIPER,215106.0,(GAZ) COMLINE IRELAND LIMITED,CBC467R,19.44,2.0,2.0,SPECIAL,0.0,0.0,0.0,3.0,2.0,0.0,1.0,CBC467R1,2.0,07-03-2025,3.0,2.0,3.0,0.0,-1.0,-2.0,done
912650.0,16-01-2025,NON EUR1 CALIPER,215105.0,(GAZ) COMLINE IRELAND LIMITED,CBC006L,21.04,2.0,2.0,SPECIAL,0.0,0.0,0.0,3.0,2.0,0.0,1.0,CBC006L1,1.0,29-01-2025,3.0,2.0,1.0,0.0,-1.0,-2.0,done
906952.0,03-12-2024,NON EUR1 CALIPER+WBK+CVJOINT+STSUP,209104.0,(GAZ) COMLINE IRELAND LIMITED,CBC279L,22.18,1.0,1.0,SPECIAL,0.0,0.0,0.0,3.0,3.0,0.0,2.0,CBC279L1,1.0,29-01-2025,3.0,2.0,1.0,0.0,0.0,-3.0,done
912650.0,16-01-2025,NON EUR1 CALIPER,215105.0,(GAZ) COMLINE IRELAND LIMITED,CBC279L,22.18,2.0,2.0,SPECIAL,0.0,0.0,0.0,3.0,3.0,0.0,2.0,CBC279L1,1.0,29-01-2025,3.0,2.0,1.0,0.0,0.0,-3.0,done
912653.0,16-01-2025,NON EUR1 CALIPER,215106.0,(GAZ) COMLINE IRELAND LIMITED,CBC388L,24.24,2.0,2.0,SPECIAL,0.0,0.0,0.0,2.0,2.0,0.0,1.0,CBC388L1,2.0,14-02-2025,2.0,1.0,2.0,0.0,0.0,-2.0,done
912653.0,16-01-2025,NON EUR1 CALIPER,215106.0,(GAZ) COMLINE IRELAND LIMITED,CBC333L,21.17,2.0,2.0,SPECIAL,0.0,0.0,0.0,5.0,4.0,0.0,2.0,CBC333L1,2.0,29-01-2025,5.0,3.0,3.0,0.0,-1.0,-4.0,done
904652.0,19-11-2024,NON EUR1 CALIPER + WBK + CVJOINT,206304.0,(GAZ) COMLINE IRELAND LIMITED,CBC333L,21.17,2.0,2.0,SPECIAL,0.0,0.0,0.0,5.0,4.0,0.0,2.0,CBC333L1,2.0,29-01-2025,5.0,3.0,3.0,0.0,-1.0,-4.0,done
912650.0,16-01-2025,NON EUR1 CALIPER,215105.0,(GAZ) COMLINE IRELAND LIMITED,CBC247L,20.39,2.0,2.0,SPECIAL,0.0,0.0,0.0,2.0,2.0,0.0,1.0,CBC247L1,2.0,14-02-2025,2.0,1.0,2.0,0.0,0.0,-2.0,done
904652.0,19-11-2024,NON EUR1 CALIPER + WBK + CVJOINT,206304.0,(GAZ) COMLINE IRELAND LIMITED,CBC236L,17.69,2.0,2.0,SPECIAL,0.0,0.0,0.0,2.0,2.0,0.0,1.0,CBC236L1,2.0,29-01-2025,2.0,1.0,2.0,0.0,0.0,-2.0,done
912653.0,16-01-2025,NON EUR1 CALIPER,215106.0,(GAZ) COMLINE IRELAND LIMITED,CBC279R,22.18,3.0,3.0,SPECIAL,0.0,0.0,0.0,3.0,3.0,0.0,1.0,CBC279R1,3.0,14-02-2025,3.0,1.0,3.0,0.0,0.0,-3.0,done
900927.0,29-10-2024,NON EUR1 - CALIPER+CVJOINT+STSUP+WBK,202305.0,(GAZ) COMLINE IRELAND LIMITED,CBC124R,19.85,2.0,2.0,SPECIAL,0.0,0.0,0.0,10.0,3.0,0.0,2.0,CBC124R1,1.0,29-01-2025,6.0,2.0,1.0,0.0,-7.0,-3.0,done
906952.0,03-12-2024,NON EUR1 CALIPER+WBK+CVJOINT+STSUP,209104.0,(GAZ) COMLINE IRELAND LIMITED,CBC124R,19.85,1.0,1.0,SPECIAL,0.0,0.0,0.0,10.0,3.0,0.0,2.0,CBC124R1,1.0,29-01-2025,6.0,2.0,1.0,0.0,-7.0,-3.0,done
912653.0,16-01-2025,NON EUR1 CALIPER,215106.0,(GAZ) COMLINE IRELAND LIMITED,CBC388R,24.24,3.0,3.0,SPECIAL,0.0,0.0,0.0,3.0,3.0,0.0,1.0,CBC388R1,3.0,14-02-2025,3.0,1.0,3.0,0.0,0.0,-3.0,done
912653.0,16-01-2025,NON EUR1 CALIPER,215106.0,(GAZ) COMLINE IRELAND LIMITED,CBC391R,21.1,2.0,2.0,SPECIAL,0.0,0.0,0.0,2.0,2.0,0.0,1.0,CBC391R1,2.0,14-02-2025,2.0,1.0,2.0,0.0,0.0,-2.0,done
912653.0,16-01-2025,NON EUR1 CALIPER,215106.0,(GAZ) COMLINE IRELAND LIMITED,CBC333R,21.17,2.0,2.0,SPECIAL,0.0,0.0,0.0,5.0,4.0,0.0,2.0,CBC333R1,2.0,29-01-2025,5.0,3.0,3.0,0.0,-1.0,-4.0,done
904652.0,19-11-2024,NON EUR1 CALIPER + WBK + CVJOINT,206304.0,(GAZ) COMLINE IRELAND LIMITED,CBC333R,21.17,2.0,2.0,SPECIAL,0.0,0.0,0.0,5.0,4.0,0.0,2.0,CBC333R1,2.0,29-01-2025,5.0,3.0,3.0,0.0,-1.0,-4.0,done
904652.0,19-11-2024,NON EUR1 CALIPER + WBK + CVJOINT,206304.0,(GAZ) COMLINE IRELAND LIMITED,CBC626L,19.92,2.0,2.0,SPECIAL,0.0,0.0,0.0,4.0,4.0,0.0,2.0,CBC626L1,2.0,29-01-2025,4.0,2.0,2.0,0.0,0.0,-4.0,done
896254.0,01-10-2024,NON EUR1 - CALIPER+CVJOINT+BRAKE DISC+WBK,196306.0,(GAZ) COMLINE IRELAND LIMITED,CBC565R,21.38,2.0,2.0,SPECIAL,0.0,0.0,0.0,4.0,4.0,0.0,2.0,CBC565R1,2.0,29-01-2025,4.0,2.0,2.0,0.0,0.0,-4.0,done
912653.0,16-01-2025,NON EUR1 CALIPER,215106.0,(GAZ) COMLINE IRELAND LIMITED,CBC564L,20.47,2.0,2.0,SPECIAL,0.0,0.0,0.0,2.0,2.0,0.0,1.0,CBC564L1,2.0,14-02-2025,2.0,1.0,2.0,0.0,0.0,-2.0,done
912653.0,16-01-2025,NON EUR1 CALIPER,215106.0,(GAZ) COMLINE IRELAND LIMITED,CBC565R,21.38,2.0,2.0,SPECIAL,0.0,0.0,0.0,4.0,4.0,0.0,2.0,CBC565R1,2.0,29-01-2025,4.0,2.0,2.0,0.0,0.0,-4.0,done
912653.0,16-01-2025,NON EUR1 CALIPER,215106.0,(GAZ) COMLINE IRELAND LIMITED,CBC566L,17.34,2.0,2.0,SPECIAL,0.0,0.0,0.0,2.0,2.0,0.0,1.0,CBC566L1,2.0,14-02-2025,2.0,1.0,2.0,0.0,0.0,-2.0,done
912653.0,16-01-2025,NON EUR1 CALIPER,215106.0,(GAZ) COMLINE IRELAND LIMITED,CBC566R,17.34,2.0,2.0,SPECIAL,0.0,0.0,0.0,2.0,2.0,0.0,1.0,CBC566R1,2.0,14-02-2025,2.0,1.0,2.0,0.0,0.0,-2.0,done
912653.0,16-01-2025,NON EUR1 CALIPER,215106.0,(GAZ) COMLINE IRELAND LIMITED,CBC593R,16.43,2.0,1.0,SPECIAL,0.0,0.0,0.0,1.0,1.0,0.0,1.0,CBC593R1,1.0,14-02-2025,1.0,1.0,1.0,0.0,0.0,-1.0,done
912653.0,16-01-2025,NON EUR1 CALIPER,215106.0,(GAZ) COMLINE IRELAND LIMITED,CBC626L,19.92,2.0,2.0,SPECIAL,0.0,0.0,0.0,4.0,4.0,0.0,2.0,CBC626L1,2.0,29-01-2025,4.0,2.0,2.0,0.0,0.0,-4.0,done
912665.0,16-01-2025,NON EUR1 BRAKE DISC,215110.0,(GAZ) COMLINE IRELAND LIMITED,ADC1043V,13.15,2.0,2.0,SLOW,0.0,30.0,0.0,5.0,2.0,0.0,1.0,ADC1043V1,30.0,03-02-2025,110.0,4.0,70.0,0.0,-3.0,-2.0,done
887241.0,30-07-2024,NON EUR1 BRAKE DISC,183807.0,(GAZ) COMLINE IRELAND LIMITED,ADC0550V,19.45,2.0,2.0,OBS,2.0,0.0,0.0,2.0,2.0,2.0,1.0,ADC0550V1,,,,,,,0.0,0.0,back/order/qty
897547.0,08-10-2024,NON EUR1 BRAKE DISC+BRAKE PAD,197605.0,(GAZ) COMLINE IRELAND LIMITED,ADC1679V,28.37,6.0,4.0,V-SLOW,20.0,0.0,0.0,4.0,4.0,20.0,1.0,ADC1679V1,20.0,03-02-2025,20.0,1.0,20.0,,0.0,16.0,back/order/qty
912665.0,16-01-2025,NON EUR1 BRAKE DISC,215110.0,(GAZ) COMLINE IRELAND LIMITED,ADC1478,15.69,8.0,8.0,MED,6.0,0.0,4.0,46.0,8.0,2.0,1.0,ADC14781,50.0,20-03-2025,210.0,3.0,50.0,,-38.0,-6.0,
900931.0,29-10-2024,NON EUR1 - BRAKE DISC,202306.0,(GAZ) COMLINE IRELAND LIMITED,ADC1782V,34.78,6.0,5.0,V-SLOW,8.0,0.0,3.0,6.0,6.0,5.0,2.0,ADC1782V1,20.0,03-02-2025,60.0,3.0,60.0,,0.0,-1.0,
904655.0,19-11-2024,NON EUR1 BRAKE DISC + BRAKE PAD,206305.0,(GAZ) COMLINE IRELAND LIMITED,ADC1782V,34.78,2.0,1.0,V-SLOW,8.0,0.0,3.0,6.0,6.0,5.0,2.0,ADC1782V1,20.0,03-02-2025,60.0,3.0,60.0,,0.0,-1.0,
902082.0,05-11-2024,NON EUR1 BRAKE DISC,203406.0,(GAZ) COMLINE IRELAND LIMITED,ADC2723,13.98,2.0,2.0,SLOW,6.0,0.0,4.0,26.0,2.0,2.0,1.0,ADC27231,20.0,03-02-2025,150.0,4.0,70.0,,-24.0,0.0,
912665.0,16-01-2025,NON EUR1 BRAKE DISC,215110.0,(GAZ) COMLINE IRELAND LIMITED,ADC3002,33.47,8.0,8.0,FAST,97.0,106.0,0.0,8.0,8.0,97.0,1.0,ADC30021,40.0,03-02-2025,182.0,3.0,40.0,,0.0,89.0,back/order/qty
902082.0,05-11-2024,NON EUR1 BRAKE DISC,203406.0,(GAZ) COMLINE IRELAND LIMITED,ADC1099,15.81,2.0,1.0,V-SLOW,7.0,0.0,3.0,1.0,1.0,4.0,1.0,ADC10991,3.0,26-02-2025,3.0,1.0,3.0,,0.0,3.0,back/order/qty
893465.0,13-09-2024,NON EUR1 BRAKE DISC,192401.0,(GAZ) COMLINE IRELAND LIMITED,ADC3035,63.56,1.0,1.0,OBS,10.0,0.0,4.0,6.0,6.0,6.0,3.0,ADC30351,,,,,,,0.0,0.0,back/order/qty
887241.0,30-07-2024,NON EUR1 BRAKE DISC,183807.0,(GAZ) COMLINE IRELAND LIMITED,ADC3035,63.56,4.0,4.0,OBS,10.0,0.0,4.0,6.0,6.0,6.0,3.0,ADC30351,,,,,,,0.0,0.0,back/order/qty
853556.0,01-04-2024,NON EUR1 - BRAKE DISC,144704.0,(GAZ) COMLINE IRELAND LIMITED,ADC3035,61.29,4.0,1.0,OBS,10.0,0.0,4.0,6.0,6.0,6.0,3.0,ADC30351,,,,,,,0.0,0.0,back/order/qty
895014.0,24-09-2024,TUR STSUP,194710.0,(GAZ) COMLINE IRELAND LIMITED,CTR3360,5.69,2.0,1.0,SPECIAL,0.0,0.0,0.0,5.0,3.0,0.0,2.0,CTR33601,5.0,26-02-2025,5.0,1.0,5.0,0.0,-2.0,-3.0,done
912670.0,16-01-2025,TUR STSUP,215113.0,(GAZ) COMLINE IRELAND LIMITED,CTR3360,5.69,2.0,2.0,SPECIAL,0.0,0.0,0.0,5.0,3.0,0.0,2.0,CTR33601,5.0,26-02-2025,5.0,1.0,5.0,0.0,-2.0,-3.0,done
912670.0,16-01-2025,TUR STSUP,215113.0,(GAZ) COMLINE IRELAND LIMITED,CTR3436,5.48,6.0,3.0,SPECIAL,0.0,0.0,0.0,3.0,3.0,0.0,1.0,CTR34361,3.0,07-02-2025,7.0,2.0,3.0,0.0,0.0,-3.0,done
912670.0,16-01-2025,TUR STSUP,215113.0,(GAZ) COMLINE IRELAND LIMITED,CTR3103,4.28,18.0,3.0,WSL,0.0,59.0,0.0,9.0,3.0,0.0,1.0,CTR31031,,,,,,0.0,-6.0,-3.0,done
912670.0,16-01-2025,TUR STSUP,215113.0,(GAZ) COMLINE IRELAND LIMITED,CTR3210,5.32,2.0,2.0,SLOW,0.0,0.0,0.0,28.0,2.0,0.0,1.0,CTR32101,30.0,20-02-2025,70.0,2.0,30.0,0.0,-26.0,-2.0,done
906952.0,03-12-2024,NON EUR1 CALIPER+WBK+CVJOINT+STSUP,209104.0,(GAZ) COMLINE IRELAND LIMITED,CHA299,27.05,2.0,2.0,V-SLOW,1.0,0.0,0.0,2.0,2.0,1.0,1.0,CHA2991,20.0,21-03-2025,20.0,1.0,20.0,,0.0,-1.0,
885447.0,19-07-2024,NON EUR1 - WBK,182002.0,(GAZ) COMLINE IRELAND LIMITED,CHA172,13.71,13.0,4.0,V-SLOW,20.0,0.0,0.0,4.0,4.0,20.0,1.0,CHA1721,,,,,,,0.0,16.0,back/order/qty
885447.0,19-07-2024,NON EUR1 - WBK,182002.0,(GAZ) COMLINE IRELAND LIMITED,CHA122,16.23,2.0,2.0,OBS,2.0,0.0,0.0,2.0,2.0,2.0,1.0,CHA1221,,,,,,,0.0,0.0,back/order/qty
912649.0,16-01-2025,NON EUR1 WBK+CV JOINT,215104.0,(GAZ) COMLINE IRELAND LIMITED,CHA014,11.39,4.0,4.0,FAST,131.0,0.0,0.0,16.0,4.0,131.0,1.0,CHA0141,48.0,14-02-2025,108.0,2.0,48.0,,-12.0,127.0,
912649.0,16-01-2025,NON EUR1 WBK+CV JOINT,215104.0,(GAZ) COMLINE IRELAND LIMITED,CHA128,13.53,4.0,4.0,V-SLOW,2.0,0.0,2.0,5.0,4.0,0.0,1.0,CHA1281,,,,,,0.0,-1.0,-4.0,done
885447.0,19-07-2024,NON EUR1 - WBK,182002.0,(GAZ) COMLINE IRELAND LIMITED,CHA135,14.25,8.0,6.0,V-SLOW,24.0,0.0,0.0,6.0,6.0,24.0,1.0,CHA1351,,,,,,,0.0,18.0,back/order/qty
902081.0,05-11-2024,NON EUR1 CALIPER + CVJOINT + STSUP + WBK,203405.0,(GAZ) COMLINE IRELAND LIMITED,CHA166,14.91,1.0,1.0,V-SLOW,3.0,0.0,0.0,10.0,6.0,3.0,3.0,CHA1661,24.0,28-04-2025,24.0,1.0,24.0,,-4.0,-3.0,
898882.0,15-10-2024,NON EUR1 CALIPER+WBK+STSUP+CVJOINT,199208.0,(GAZ) COMLINE IRELAND LIMITED,CHA166,14.91,2.0,2.0,V-SLOW,3.0,0.0,0.0,10.0,6.0,3.0,3.0,CHA1661,24.0,28-04-2025,24.0,1.0,24.0,,-4.0,-3.0,
912649.0,16-01-2025,NON EUR1 WBK+CV JOINT,215104.0,(GAZ) COMLINE IRELAND LIMITED,CHA166,14.91,3.0,3.0,V-SLOW,3.0,0.0,0.0,10.0,6.0,3.0,3.0,CHA1661,24.0,28-04-2025,24.0,1.0,24.0,,-4.0,-3.0,
912669.0,16-01-2025,TUR STSUP,215112.0,(GAZ) COMLINE IRELAND LIMITED,CBJ7322,4.11,18.0,18.0,V-SLOW,15.0,0.0,2.0,20.0,18.0,13.0,1.0,CBJ73221,5.0,29-01-2025,32.0,4.0,5.0,,-2.0,-5.0,
912669.0,16-01-2025,TUR STSUP,215112.0,(GAZ) COMLINE IRELAND LIMITED,CBJ7281,5.65,2.0,2.0,SPECIAL,0.0,0.0,0.0,4.0,2.0,0.0,1.0,CBJ72811,2.0,07-02-2025,4.0,2.0,2.0,0.0,-2.0,-2.0,done
902090.0,05-11-2024,TUR STSUP,203413.0,(GAZ) COMLINE IRELAND LIMITED,CBJ7295,6.9,2.0,2.0,SPECIAL,0.0,0.0,0.0,4.0,2.0,0.0,1.0,CBJ72951,,,,,,0.0,-2.0,-2.0,done
904670.0,19-11-2024,TUR STSUP,206311.0,(GAZ) COMLINE IRELAND LIMITED,CBJ7180,4.49,4.0,2.0,V-SLOW,0.0,0.0,0.0,2.0,2.0,0.0,1.0,CBJ71801,,,,,,0.0,0.0,-2.0,done
853568.0,01-04-2024,TUR STSUP,144709.0,(GAZ) COMLINE IRELAND LIMITED,CBJ7151,9.84,4.0,4.0,UD,0.0,0.0,0.0,4.0,4.0,0.0,1.0,CBJ71511,,,,,,0.0,0.0,-4.0,done
857730.0,01-04-2024,NON EUR1 - CVJOINT+BRAKE DISC+WBK,150206.0,(GAZ) COMLINE IRELAND LIMITED,ECV101,13.22,1.0,1.0,V-SLOW,0.0,0.0,0.0,1.0,1.0,0.0,1.0,ECV1011,10.0,28-04-2025,10.0,1.0,10.0,0.0,0.0,-1.0,done
912668.0,16-01-2025,NON EUR1 BRAKE PAD,215111.0,(GAZ) COMLINE IRELAND LIMITED,CBP32277,11.58,1.0,1.0,SLOW,0.0,0.0,0.0,8.0,1.0,0.0,1.0,CBP322771,2.0,07-02-2025,56.0,2.0,2.0,0.0,-7.0,-1.0,done
906955.0,03-12-2024,NON EUR1 BRAKE PAD,209106.0,(GAZ) COMLINE IRELAND LIMITED,CBP03417,10.35,3.0,3.0,V-SLOW,0.0,0.0,0.0,10.0,3.0,0.0,1.0,CBP034171,,,,,,0.0,-7.0,-3.0,done
912668.0,16-01-2025,NON EUR1 BRAKE PAD,215111.0,(GAZ) COMLINE IRELAND LIMITED,CBP02423,12.6,2.0,2.0,V-SLOW,1.0,0.0,0.0,2.0,2.0,1.0,1.0,CBP024231,5.0,26-02-2025,10.0,4.0,10.0,,0.0,-1.0,
906955.0,03-12-2024,NON EUR1 BRAKE PAD,209106.0,(GAZ) COMLINE IRELAND LIMITED,CBP12213,14.4,2.0,2.0,V-SLOW,0.0,0.0,0.0,3.0,2.0,0.0,1.0,CBP122131,11.0,26-02-2025,17.0,2.0,17.0,0.0,-1.0,-2.0,done
912668.0,16-01-2025,NON EUR1 BRAKE PAD,215111.0,(GAZ) COMLINE IRELAND LIMITED,CBP02389,11.82,4.0,4.0,SLOW,47.0,0.0,42.0,5.0,4.0,5.0,1.0,CBP023891,54.0,25-02-2025,162.0,2.0,54.0,,-1.0,1.0,
853560.0,01-04-2024,NON EUR1 - BRAKE PAD,144706.0,(GAZ) COMLINE IRELAND LIMITED,CBP01092,11.42,2.0,2.0,OBS,0.0,0.0,0.0,3.0,2.0,0.0,1.0,CBP010921,,,,,,0.0,-1.0,-2.0,done
904661.0,19-11-2024,NON EUR1 BRAKE PAD,206306.0,(GAZ) COMLINE IRELAND LIMITED,CBP12047,9.4,2.0,2.0,SLOW,33.0,0.0,0.0,6.0,2.0,33.0,1.0,CBP120471,54.0,25-02-2025,54.0,1.0,54.0,,-4.0,31.0,
904661.0,19-11-2024,NON EUR1 BRAKE PAD,206306.0,(GAZ) COMLINE IRELAND LIMITED,CBP0509,5.82,7.0,4.0,V-SLOW,53.0,0.0,0.0,4.0,4.0,53.0,1.0,CBP05091,54.0,06-05-2025,54.0,1.0,54.0,,0.0,49.0,back/order/qty
853560.0,01-04-2024,NON EUR1 - BRAKE PAD,144706.0,(GAZ) COMLINE IRELAND LIMITED,CBP01535,10.48,2.0,2.0,OBS,0.0,0.0,0.0,2.0,2.0,0.0,1.0,CBP015351,,,,,,0.0,0.0,-2.0,done
912668.0,16-01-2025,NON EUR1 BRAKE PAD,215111.0,(GAZ) COMLINE IRELAND LIMITED,CBP11600,8.29,5.0,5.0,SLOW,2.0,0.0,0.0,8.0,5.0,2.0,1.0,CBP116001,54.0,25-02-2025,54.0,1.0,54.0,,-3.0,-3.0,
912668.0,16-01-2025,NON EUR1 BRAKE PAD,215111.0,(GAZ) COMLINE IRELAND LIMITED,CBP11703,9.68,1.0,1.0,OBS,0.0,0.0,0.0,2.0,1.0,0.0,1.0,CBP117031,,,,,,0.0,-1.0,-1.0,done
912668.0,16-01-2025,NON EUR1 BRAKE PAD,215111.0,(GAZ) COMLINE IRELAND LIMITED,CBP01783,7.24,11.0,11.0,V-SLOW,0.0,0.0,0.0,21.0,11.0,0.0,1.0,CBP017831,18.0,17-02-2025,54.0,2.0,18.0,0.0,-10.0,-11.0,done
912668.0,16-01-2025,NON EUR1 BRAKE PAD,215111.0,(GAZ) COMLINE IRELAND LIMITED,CBP32104,9.87,2.0,2.0,MED,1.0,0.0,0.0,4.0,2.0,1.0,1.0,CBP321041,120.0,25-02-2025,232.0,3.0,120.0,,-2.0,-1.0,
912668.0,16-01-2025,NON EUR1 BRAKE PAD,215111.0,(GAZ) COMLINE IRELAND LIMITED,CBP22214,18.78,1.0,1.0,SLOW,0.0,0.0,0.0,2.0,1.0,0.0,1.0,CBP222141,6.0,07-02-2025,61.0,2.0,6.0,0.0,-1.0,-1.0,done
912668.0,16-01-2025,NON EUR1 BRAKE PAD,215111.0,(GAZ) COMLINE IRELAND LIMITED,CBP3393,6.06,3.0,3.0,V-SLOW,0.0,0.0,0.0,8.0,4.0,0.0,2.0,CBP33931,,,,,,0.0,-4.0,-4.0,done
891555.0,03-09-2024,NON EUR1 BRAKE PAD,190306.0,(GAZ) COMLINE IRELAND LIMITED,CBP3393,6.06,1.0,1.0,V-SLOW,0.0,0.0,0.0,8.0,4.0,0.0,2.0,CBP33931,,,,,,0.0,-4.0,-4.0,done
912668.0,16-01-2025,NON EUR1 BRAKE PAD,215111.0,(GAZ) COMLINE IRELAND LIMITED,CBP31298,7.03,3.0,3.0,SLOW,0.0,0.0,0.0,10.0,3.0,0.0,1.0,CBP312981,2.0,07-02-2025,110.0,3.0,2.0,0.0,-7.0,-3.0,done
880059.0,18-06-2024,NON EUR1 - BRAKE PAD,175907.0,(GAZ) COMLINE IRELAND LIMITED,CBP32493,12.0,1.0,1.0,V-SLOW,0.0,0.0,0.0,28.0,5.0,0.0,3.0,CBP324931,16.0,26-02-2025,33.0,5.0,33.0,0.0,-23.0,-5.0,done
884776.0,16-07-2024,NON EUR1 STSUP+WBK+BRAKE PAD+CVJOINT,181206.0,(GAZ) COMLINE IRELAND LIMITED,CBP32493,12.0,1.0,1.0,V-SLOW,0.0,0.0,0.0,28.0,5.0,0.0,3.0,CBP324931,16.0,26-02-2025,33.0,5.0,33.0,0.0,-23.0,-5.0,done
887246.0,30-07-2024,NON EUR1 BRAKE PAD,183809.0,(GAZ) COMLINE IRELAND LIMITED,CBP32493,12.0,3.0,3.0,V-SLOW,0.0,0.0,0.0,28.0,5.0,0.0,3.0,CBP324931,16.0,26-02-2025,33.0,5.0,33.0,0.0,-23.0,-5.0,done
884772.0,16-07-2024,EUR1 OIL FILTER+AIR FILTER+CABIN FILTER+FUEL FILTER+BRAKE PAD,181203.0,(GAZ) COMLINE IRELAND LIMITED,CBP06113,18.72,1.0,1.0,OBS,6.0,0.0,0.0,6.0,3.0,6.0,3.0,CBP061131,,,,,,,-3.0,3.0,
887230.0,30-07-2024,EUR1 - BRAKE PAD,183801.0,(GAZ) COMLINE IRELAND LIMITED,CBP06113,18.72,1.0,1.0,OBS,6.0,0.0,0.0,6.0,3.0,6.0,3.0,CBP061131,,,,,,,-3.0,3.0,
876209.0,28-05-2024,EUR1 - BRAKE PAD+FUEL FILTER+OIL FILTER,172003.0,(GAZ) COMLINE IRELAND LIMITED,CBP06113,18.72,1.0,1.0,OBS,6.0,0.0,0.0,6.0,3.0,6.0,3.0,CBP061131,,,,,,,-3.0,3.0,
895003.0,24-09-2024,NON EUR1 BRAKE PAD+BRAKE DISC,194706.0,(GAZ) COMLINE IRELAND LIMITED,CBP0873,9.56,1.0,1.0,V-SLOW,48.0,0.0,11.0,13.0,5.0,37.0,3.0,CBP08731,54.0,25-02-2025,108.0,2.0,54.0,,-8.0,32.0,
900935.0,29-10-2024,NON EUR1 - BRAKE DISC+BRAKE PAD,202307.0,(GAZ) COMLINE IRELAND LIMITED,CBP0873,9.56,1.0,1.0,V-SLOW,48.0,0.0,11.0,13.0,5.0,37.0,3.0,CBP08731,54.0,25-02-2025,108.0,2.0,54.0,,-8.0,32.0,
904661.0,19-11-2024,NON EUR1 BRAKE PAD,206306.0,(GAZ) COMLINE IRELAND LIMITED,CBP0873,9.56,3.0,3.0,V-SLOW,48.0,0.0,11.0,13.0,5.0,37.0,3.0,CBP08731,54.0,25-02-2025,108.0,2.0,54.0,,-8.0,32.0,
912668.0,16-01-2025,NON EUR1 BRAKE PAD,215111.0,(GAZ) COMLINE IRELAND LIMITED,CBP01117,10.46,1.0,1.0,SLOW,36.0,0.0,0.0,3.0,1.0,36.0,1.0,CBP011171,9.0,17-02-2025,63.0,3.0,9.0,,-2.0,35.0,
902084.0,05-11-2024,NON EUR1 BRAKE PAD,203408.0,(GAZ) COMLINE IRELAND LIMITED,CBP3462,8.82,1.0,1.0,V-SLOW,0.0,0.0,0.0,12.0,1.0,0.0,1.0,CBP34621,,,,,,0.0,-11.0,-1.0,done
902084.0,05-11-2024,NON EUR1 BRAKE PAD,203408.0,(GAZ) COMLINE IRELAND LIMITED,CBP32202,13.5,3.0,3.0,V-SLOW,42.0,0.0,11.0,5.0,5.0,31.0,3.0,CBP322021,54.0,06-05-2025,54.0,1.0,54.0,,0.0,26.0,back/order/qty
900935.0,29-10-2024,NON EUR1 - BRAKE DISC+BRAKE PAD,202307.0,(GAZ) COMLINE IRELAND LIMITED,CBP32202,13.5,1.0,1.0,V-SLOW,42.0,0.0,11.0,5.0,5.0,31.0,3.0,CBP322021,54.0,06-05-2025,54.0,1.0,54.0,,0.0,26.0,back/order/qty
906507.0,01-12-2024,NON EUR1 BACK ORDER,39123.0,(GAZ) COMLINE IRELAND LIMITED,CBP31520,11.26,1.0,1.0,V-SLOW,0.0,0.0,0.0,6.0,1.0,0.0,1.0,CBP315201,2.0,07-02-2025,45.0,3.0,5.0,0.0,-5.0,-1.0,done
912668.0,16-01-2025,NON EUR1 BRAKE PAD,215111.0,(GAZ) COMLINE IRELAND LIMITED,CBP32202,13.5,1.0,1.0,V-SLOW,42.0,0.0,11.0,5.0,5.0,31.0,3.0,CBP322021,54.0,06-05-2025,54.0,1.0,54.0,,0.0,26.0,back/order/qty
912668.0,16-01-2025,NON EUR1 BRAKE PAD,215111.0,(GAZ) COMLINE IRELAND LIMITED,CBP02001,10.06,4.0,4.0,SLOW,48.0,0.0,0.0,10.0,4.0,48.0,1.0,CBP020011,54.0,26-03-2025,54.0,1.0,54.0,,-6.0,44.0,
912646.0,16-01-2025,EUR1 BRAKE PAD,215101.0,(GAZ) COMLINE IRELAND LIMITED,CBP11539,14.73,2.0,2.0,OBS,0.0,0.0,0.0,3.0,3.0,0.0,2.0,CBP115391,,,,,,0.0,0.0,-3.0,done
902083.0,05-11-2024,NON EUR1 BRAKE PAD,203407.0,(GAZ) COMLINE IRELAND LIMITED,CBP01159,8.7,1.0,1.0,V-SLOW,0.0,0.0,1.0,1.0,1.0,-1.0,1.0,CBP011591,27.0,17-02-2025,27.0,1.0,27.0,0.0,0.0,-2.0,done
853546.0,01-04-2024,EUR1 - BRAKE PAD,144701.0,(GAZ) COMLINE IRELAND LIMITED,CBP11539,14.2,2.0,1.0,OBS,0.0,0.0,0.0,3.0,3.0,0.0,2.0,CBP115391,,,,,,0.0,0.0,-3.0,done
912668.0,16-01-2025,NON EUR1 BRAKE PAD,215111.0,(GAZ) COMLINE IRELAND LIMITED,CBP31304,11.88,2.0,2.0,SLOW,24.0,0.0,0.0,6.0,2.0,24.0,1.0,CBP313041,36.0,15-04-2025,36.0,1.0,36.0,,-4.0,22.0,
912668.0,16-01-2025,NON EUR1 BRAKE PAD,215111.0,(GAZ) COMLINE IRELAND LIMITED,CBP31513,8.92,3.0,3.0,SLOW,36.0,0.0,6.0,11.0,6.0,30.0,2.0,CBP315131,72.0,06-05-2025,72.0,1.0,72.0,,-5.0,24.0,
900935.0,29-10-2024,NON EUR1 - BRAKE DISC+BRAKE PAD,202307.0,(GAZ) COMLINE IRELAND LIMITED,CBP31513,8.92,3.0,3.0,SLOW,36.0,0.0,6.0,11.0,6.0,30.0,2.0,CBP315131,72.0,06-05-2025,72.0,1.0,72.0,,-5.0,24.0,
912668.0,16-01-2025,NON EUR1 BRAKE PAD,215111.0,(GAZ) COMLINE IRELAND LIMITED,CBP32008,8.75,1.0,1.0,SLOW,1.0,0.0,0.0,5.0,1.0,1.0,1.0,CBP320081,,,,,,,-4.0,0.0,
912668.0,16-01-2025,NON EUR1 BRAKE PAD,215111.0,(GAZ) COMLINE IRELAND LIMITED,CBP0944,8.79,7.0,7.0,SLOW,2.0,0.0,0.0,12.0,7.0,2.0,1.0,CBP09441,45.0,17-02-2025,108.0,3.0,54.0,,-5.0,-5.0,
882129.0,02-07-2024,NON EUR1 BRAKE PAD,178306.0,(GAZ) COMLINE IRELAND LIMITED,CBP02267,12.76,1.0,1.0,V-SLOW,5.0,0.0,3.0,9.0,4.0,2.0,3.0,CBP022671,4.0,26-02-2025,10.0,4.0,10.0,,-5.0,-2.0,
887243.0,30-07-2024,NON EUR1 BRAKE PAD,183808.0,(GAZ) COMLINE IRELAND LIMITED,CBP02267,12.76,1.0,1.0,V-SLOW,5.0,0.0,3.0,9.0,4.0,2.0,3.0,CBP022671,4.0,26-02-2025,10.0,4.0,10.0,,-5.0,-2.0,
890573.0,27-08-2024,NON EUR1 BRAKE PAD,189208.0,(GAZ) COMLINE IRELAND LIMITED,CBP02267,12.76,2.0,2.0,V-SLOW,5.0,0.0,3.0,9.0,4.0,2.0,3.0,CBP022671,4.0,26-02-2025,10.0,4.0,10.0,,-5.0,-2.0,
900935.0,29-10-2024,NON EUR1 - BRAKE DISC+BRAKE PAD,202307.0,(GAZ) COMLINE IRELAND LIMITED,CBP02399,16.55,3.0,3.0,V-SLOW,0.0,0.0,0.0,14.0,3.0,0.0,1.0,CBP023991,2.0,26-02-2025,27.0,4.0,27.0,0.0,-11.0,-3.0,done
906955.0,03-12-2024,NON EUR1 BRAKE PAD,209106.0,(GAZ) COMLINE IRELAND LIMITED,CBP02854,16.0,7.0,6.0,V-SLOW,52.0,0.0,0.0,18.0,18.0,52.0,2.0,CBP028541,54.0,06-05-2025,54.0,1.0,54.0,,0.0,34.0,back/order/qty
912668.0,16-01-2025,NON EUR1 BRAKE PAD,215111.0,(GAZ) COMLINE IRELAND LIMITED,CBP02854,16.0,14.0,12.0,V-SLOW,52.0,0.0,0.0,18.0,18.0,52.0,2.0,CBP028541,54.0,06-05-2025,54.0,1.0,54.0,,0.0,34.0,back/order/qty
912668.0,16-01-2025,NON EUR1 BRAKE PAD,215111.0,(GAZ) COMLINE IRELAND LIMITED,CBP16013,11.56,5.0,5.0,V-SLOW,0.0,0.0,0.0,7.0,7.0,0.0,2.0,CBP160131,,,,,,0.0,0.0,-7.0,done
906955.0,03-12-2024,NON EUR1 BRAKE PAD,209106.0,(GAZ) COMLINE IRELAND LIMITED,CBP16013,11.56,2.0,2.0,V-SLOW,0.0,0.0,0.0,7.0,7.0,0.0,2.0,CBP160131,,,,,,0.0,0.0,-7.0,done
912668.0,16-01-2025,NON EUR1 BRAKE PAD,215111.0,(GAZ) COMLINE IRELAND LIMITED,CBP22121,13.45,2.0,1.0,SLOW,0.0,0.0,0.0,29.0,1.0,0.0,1.0,CBP221211,54.0,26-03-2025,54.0,1.0,54.0,0.0,-28.0,-1.0,done
912668.0,16-01-2025,NON EUR1 BRAKE PAD,215111.0,(GAZ) COMLINE IRELAND LIMITED,CBP03697,7.69,2.0,2.0,SPECIAL,0.0,0.0,0.0,2.0,2.0,0.0,1.0,CBP036971,,,,,,0.0,0.0,-2.0,done
900935.0,29-10-2024,NON EUR1 - BRAKE DISC+BRAKE PAD,202307.0,(GAZ) COMLINE IRELAND LIMITED,CBP06092,9.79,1.0,1.0,SLOW,50.0,0.0,6.0,6.0,3.0,44.0,2.0,CBP060921,54.0,26-03-2025,54.0,1.0,54.0,,-3.0,41.0,
902083.0,05-11-2024,NON EUR1 BRAKE PAD,203407.0,(GAZ) COMLINE IRELAND LIMITED,CBP06092,9.79,2.0,2.0,SLOW,50.0,0.0,6.0,6.0,3.0,44.0,2.0,CBP060921,54.0,26-03-2025,54.0,1.0,54.0,,-3.0,41.0,
911500.0,08-01-2025,NON EUR1 - BACK ORDER,39269.0,(GAZ) COMLINE IRELAND LIMITED,CBP02318,7.24,2.0,1.0,SLOW,46.0,0.0,1.0,13.0,5.0,45.0,3.0,CBP023181,63.0,06-05-2025,63.0,1.0,63.0,,-8.0,40.0,
906507.0,01-12-2024,NON EUR1 BACK ORDER,39123.0,(GAZ) COMLINE IRELAND LIMITED,CBP02318,7.24,2.0,2.0,SLOW,46.0,0.0,1.0,13.0,5.0,45.0,3.0,CBP023181,63.0,06-05-2025,63.0,1.0,63.0,,-8.0,40.0,
912668.0,16-01-2025,NON EUR1 BRAKE PAD,215111.0,(GAZ) COMLINE IRELAND LIMITED,CBP02318,7.24,2.0,2.0,SLOW,46.0,0.0,1.0,13.0,5.0,45.0,3.0,CBP023181,63.0,06-05-2025,63.0,1.0,63.0,,-8.0,40.0,
912646.0,16-01-2025,EUR1 BRAKE PAD,215101.0,(GAZ) COMLINE IRELAND LIMITED,CBP06100,10.54,2.0,2.0,OBS,0.0,0.0,0.0,8.0,4.0,0.0,3.0,CBP061001,,,,,,0.0,-4.0,-4.0,done
902075.0,05-11-2024,EUR1 BRAKE PAD + WATER PUMP,203401.0,(GAZ) COMLINE IRELAND LIMITED,CBP06100,10.54,1.0,1.0,OBS,0.0,0.0,0.0,8.0,4.0,0.0,3.0,CBP061001,,,,,,0.0,-4.0,-4.0,done
853546.0,01-04-2024,EUR1 - BRAKE PAD,144701.0,(GAZ) COMLINE IRELAND LIMITED,CBP06100,10.16,2.0,1.0,OBS,0.0,0.0,0.0,8.0,4.0,0.0,3.0,CBP061001,,,,,,0.0,-4.0,-4.0,done
895003.0,24-09-2024,NON EUR1 BRAKE PAD+BRAKE DISC,194706.0,(GAZ) COMLINE IRELAND LIMITED,CBP01713,7.05,6.0,6.0,MED,37.0,0.0,11.0,44.0,31.0,26.0,6.0,CBP017131,90.0,17-02-2025,180.0,2.0,90.0,,-13.0,-5.0,
896255.0,01-10-2024,NON EUR1 - BRAKE PAD,196307.0,(GAZ) COMLINE IRELAND LIMITED,CBP01713,7.05,5.0,5.0,MED,37.0,0.0,11.0,44.0,31.0,26.0,6.0,CBP017131,90.0,17-02-2025,180.0,2.0,90.0,,-13.0,-5.0,
897543.0,08-10-2024,NON EUR1 BRAKE PAD,197604.0,(GAZ) COMLINE IRELAND LIMITED,CBP01713,7.05,1.0,1.0,MED,37.0,0.0,11.0,44.0,31.0,26.0,6.0,CBP017131,90.0,17-02-2025,180.0,2.0,90.0,,-13.0,-5.0,
898886.0,15-10-2024,NON EUR1 BRAKE PAD,199210.0,(GAZ) COMLINE IRELAND LIMITED,CBP01713,7.05,4.0,4.0,MED,37.0,0.0,11.0,44.0,31.0,26.0,6.0,CBP017131,90.0,17-02-2025,180.0,2.0,90.0,,-13.0,-5.0,
902083.0,05-11-2024,NON EUR1 BRAKE PAD,203407.0,(GAZ) COMLINE IRELAND LIMITED,CBP01713,7.05,2.0,2.0,MED,37.0,0.0,11.0,44.0,31.0,26.0,6.0,CBP017131,90.0,17-02-2025,180.0,2.0,90.0,,-13.0,-5.0,
904661.0,19-11-2024,NON EUR1 BRAKE PAD,206306.0,(GAZ) COMLINE IRELAND LIMITED,CBP01713,7.05,13.0,13.0,MED,37.0,0.0,11.0,44.0,31.0,26.0,6.0,CBP017131,90.0,17-02-2025,180.0,2.0,90.0,,-13.0,-5.0,
904661.0,19-11-2024,NON EUR1 BRAKE PAD,206306.0,(GAZ) COMLINE IRELAND LIMITED,CBP32235,12.82,2.0,2.0,SLOW,49.0,0.0,9.0,15.0,5.0,40.0,3.0,CBP322351,54.0,26-03-2025,108.0,2.0,54.0,,-10.0,35.0,
902084.0,05-11-2024,NON EUR1 BRAKE PAD,203408.0,(GAZ) COMLINE IRELAND LIMITED,CBP32235,12.82,2.0,2.0,SLOW,49.0,0.0,9.0,15.0,5.0,40.0,3.0,CBP322351,54.0,26-03-2025,108.0,2.0,54.0,,-10.0,35.0,
912668.0,16-01-2025,NON EUR1 BRAKE PAD,215111.0,(GAZ) COMLINE IRELAND LIMITED,CBP32234,12.14,4.0,4.0,SLOW,0.0,0.0,0.0,12.0,4.0,0.0,1.0,CBP322341,14.0,07-02-2025,68.0,2.0,14.0,0.0,-8.0,-4.0,done
912668.0,16-01-2025,NON EUR1 BRAKE PAD,215111.0,(GAZ) COMLINE IRELAND LIMITED,CBP32235,12.82,1.0,1.0,SLOW,49.0,0.0,9.0,15.0,5.0,40.0,3.0,CBP322351,54.0,26-03-2025,108.0,2.0,54.0,,-10.0,35.0,
912668.0,16-01-2025,NON EUR1 BRAKE PAD,215111.0,(GAZ) COMLINE IRELAND LIMITED,CBP32416,8.71,3.0,3.0,V-SLOW,5.0,0.0,3.0,13.0,6.0,2.0,3.0,CBP324161,2.0,26-02-2025,17.0,4.0,17.0,,-7.0,-4.0,
894009.0,18-09-2024,NON EUR1 BRAKE PAD,192705.0,(GAZ) COMLINE IRELAND LIMITED,CBP32416,8.71,2.0,2.0,V-SLOW,5.0,0.0,3.0,13.0,6.0,2.0,3.0,CBP324161,2.0,26-02-2025,17.0,4.0,17.0,,-7.0,-4.0,
906955.0,03-12-2024,NON EUR1 BRAKE PAD,209106.0,(GAZ) COMLINE IRELAND LIMITED,CBP32416,8.71,1.0,1.0,V-SLOW,5.0,0.0,3.0,13.0,6.0,2.0,3.0,CBP324161,2.0,26-02-2025,17.0,4.0,17.0,,-7.0,-4.0,
890573.0,27-08-2024,NON EUR1 BRAKE PAD,189208.0,(GAZ) COMLINE IRELAND LIMITED,CBP06059,12.58,2.0,2.0,V-SLOW,54.0,0.0,5.0,12.0,9.0,49.0,5.0,CBP060591,54.0,06-05-2025,54.0,1.0,54.0,,-3.0,40.0,
853560.0,01-04-2024,NON EUR1 - BRAKE PAD,144706.0,(GAZ) COMLINE IRELAND LIMITED,CBP0309,6.53,2.0,2.0,OBS,2.0,0.0,0.0,2.0,2.0,2.0,1.0,CBP03091,,,,,,,0.0,0.0,back/order/qty
902083.0,05-11-2024,NON EUR1 BRAKE PAD,203407.0,(GAZ) COMLINE IRELAND LIMITED,CBP06059,12.58,1.0,1.0,V-SLOW,54.0,0.0,5.0,12.0,9.0,49.0,5.0,CBP060591,54.0,06-05-2025,54.0,1.0,54.0,,-3.0,40.0,
898886.0,15-10-2024,NON EUR1 BRAKE PAD,199210.0,(GAZ) COMLINE IRELAND LIMITED,CBP06059,12.58,1.0,1.0,V-SLOW,54.0,0.0,5.0,12.0,9.0,49.0,5.0,CBP060591,54.0,06-05-2025,54.0,1.0,54.0,,-3.0,40.0,
900935.0,29-10-2024,NON EUR1 - BRAKE DISC+BRAKE PAD,202307.0,(GAZ) COMLINE IRELAND LIMITED,CBP06059,12.58,2.0,2.0,V-SLOW,54.0,0.0,5.0,12.0,9.0,49.0,5.0,CBP060591,54.0,06-05-2025,54.0,1.0,54.0,,-3.0,40.0,
912668.0,16-01-2025,NON EUR1 BRAKE PAD,215111.0,(GAZ) COMLINE IRELAND LIMITED,CBP06059,12.58,3.0,3.0,V-SLOW,54.0,0.0,5.0,12.0,9.0,49.0,5.0,CBP060591,54.0,06-05-2025,54.0,1.0,54.0,,-3.0,40.0,
853560.0,01-04-2024,NON EUR1 - BRAKE PAD,144706.0,(GAZ) COMLINE IRELAND LIMITED,CBP0117,7.32,2.0,2.0,OBS,0.0,0.0,0.0,4.0,2.0,0.0,1.0,CBP01171,,,,,,0.0,-2.0,-2.0,done
902084.0,05-11-2024,NON EUR1 BRAKE PAD,203408.0,(GAZ) COMLINE IRELAND LIMITED,CBP3841,6.53,2.0,2.0,SLOW,0.0,0.0,0.0,10.0,2.0,0.0,1.0,CBP38411,1.0,07-02-2025,82.0,3.0,1.0,0.0,-8.0,-2.0,done
912668.0,16-01-2025,NON EUR1 BRAKE PAD,215111.0,(GAZ) COMLINE IRELAND LIMITED,CBP01581,10.3,8.0,8.0,V-SLOW,0.0,0.0,0.0,9.0,8.0,0.0,1.0,CBP015811,36.0,17-02-2025,81.0,3.0,63.0,0.0,-1.0,-8.0,done
906955.0,03-12-2024,NON EUR1 BRAKE PAD,209106.0,(GAZ) COMLINE IRELAND LIMITED,CBP06027,11.36,1.0,1.0,V-SLOW,0.0,0.0,0.0,18.0,1.0,0.0,1.0,CBP060271,54.0,26-03-2025,54.0,1.0,54.0,0.0,-17.0,-1.0,done
880940.0,25-06-2024,NON EUR1 - BRAKE PAD,176810.0,(GAZ) COMLINE IRELAND LIMITED,CBP12015,12.51,1.0,1.0,V-SLOW,0.0,0.0,0.0,3.0,1.0,0.0,1.0,CBP120151,,,,,,0.0,-2.0,-1.0,done
887243.0,30-07-2024,NON EUR1 BRAKE PAD,183808.0,(GAZ) COMLINE IRELAND LIMITED,CBP02335,7.76,3.0,1.0,V-SLOW,50.0,0.0,5.0,11.0,7.0,45.0,5.0,CBP023351,54.0,06-05-2025,54.0,1.0,54.0,,-4.0,38.0,
891555.0,03-09-2024,NON EUR1 BRAKE PAD,190306.0,(GAZ) COMLINE IRELAND LIMITED,CBP02335,7.76,2.0,2.0,V-SLOW,50.0,0.0,5.0,11.0,7.0,45.0,5.0,CBP023351,54.0,06-05-2025,54.0,1.0,54.0,,-4.0,38.0,
890573.0,27-08-2024,NON EUR1 BRAKE PAD,189208.0,(GAZ) COMLINE IRELAND LIMITED,CBP02335,7.76,2.0,2.0,V-SLOW,50.0,0.0,5.0,11.0,7.0,45.0,5.0,CBP023351,54.0,06-05-2025,54.0,1.0,54.0,,-4.0,38.0,
902083.0,05-11-2024,NON EUR1 BRAKE PAD,203407.0,(GAZ) COMLINE IRELAND LIMITED,CBP02335,7.76,1.0,1.0,V-SLOW,50.0,0.0,5.0,11.0,7.0,45.0,5.0,CBP023351,54.0,06-05-2025,54.0,1.0,54.0,,-4.0,38.0,
912668.0,16-01-2025,NON EUR1 BRAKE PAD,215111.0,(GAZ) COMLINE IRELAND LIMITED,CBP02335,7.76,1.0,1.0,V-SLOW,50.0,0.0,5.0,11.0,7.0,45.0,5.0,CBP023351,54.0,06-05-2025,54.0,1.0,54.0,,-4.0,38.0,
885441.0,19-07-2024,NON EUR1 - WBK,182001.0,(GAZ) COMLINE IRELAND LIMITED,CBK023,9.34,2.0,2.0,OBS,2.0,0.0,0.0,2.0,2.0,2.0,1.0,CBK0231,,,,,,,0.0,0.0,back/order/qty
885441.0,19-07-2024,NON EUR1 - WBK,182001.0,(GAZ) COMLINE IRELAND LIMITED,CBK102,5.05,2.0,2.0,OBS,0.0,0.0,0.0,2.0,2.0,0.0,1.0,CBK1021,,,,,,0.0,0.0,-2.0,done
912649.0,16-01-2025,NON EUR1 WBK+CV JOINT,215104.0,(GAZ) COMLINE IRELAND LIMITED,CBK208,7.21,1.0,1.0,FAST,39.0,0.0,0.0,1.0,1.0,39.0,1.0,CBK2081,36.0,14-02-2025,144.0,3.0,36.0,,0.0,38.0,back/order/qty
912663.0,16-01-2025,NON EUR1 AIR FILTER,215108.0,(GAZ) COMLINE IRELAND LIMITED,EAF788,4.31,7.0,7.0,OBS,28.0,0.0,0.0,79.0,7.0,28.0,1.0,EAF7881,,,,,,,-72.0,21.0,
907013.0,03-12-2024,NON EUR1 AIR FILTER,209107.0,(GAZ) COMLINE IRELAND LIMITED,EAF1025,4.05,1.0,1.0,SLOW,29.0,0.0,29.0,147.0,1.0,0.0,1.0,EAF10251,108.0,05-02-2025,310.0,3.0,108.0,0.0,-146.0,-1.0,done
912663.0,16-01-2025,NON EUR1 AIR FILTER,215108.0,(GAZ) COMLINE IRELAND LIMITED,EAF1029,3.95,9.0,9.0,V-SLOW,9.0,0.0,6.0,30.0,9.0,3.0,1.0,EAF10291,89.0,26-02-2025,130.0,3.0,130.0,,-21.0,-6.0,
912664.0,16-01-2025,NON EUR1 AIR FILTER + FUEL FILTER,215109.0,(GAZ) COMLINE IRELAND LIMITED,EAF976,5.68,5.0,5.0,V-SLOW,7.0,0.0,3.0,11.0,5.0,4.0,1.0,EAF9761,20.0,14-02-2025,20.0,1.0,20.0,,-6.0,-1.0,
886188.0,23-07-2024,NON EUR1 AIR FILTER+CABIN FILTER,182611.0,(GAZ) COMLINE IRELAND LIMITED,EAF738,3.38,1.0,1.0,OBS,0.0,0.0,0.0,7.0,4.0,0.0,3.0,EAF7381,,,,,,0.0,-3.0,-4.0,done
887248.0,30-07-2024,NON EUR1 AIR FILTER+CABIN FILTER,183810.0,(GAZ) COMLINE IRELAND LIMITED,EAF738,3.38,2.0,2.0,OBS,0.0,0.0,0.0,7.0,4.0,0.0,3.0,EAF7381,,,,,,0.0,-3.0,-4.0,done
884778.0,16-07-2024,NON EUR1 AIR FILTER+CABIN FILTER,181207.0,(GAZ) COMLINE IRELAND LIMITED,EAF738,3.38,1.0,1.0,OBS,0.0,0.0,0.0,7.0,4.0,0.0,3.0,EAF7381,,,,,,0.0,-3.0,-4.0,done
912647.0,16-01-2025,EUR1 AIR FILTER + CABIN FILTER,215102.0,(GAZ) COMLINE IRELAND LIMITED,EAF604,2.95,1.0,1.0,OBS,0.0,0.0,0.0,26.0,1.0,0.0,1.0,EAF6041,,,,,,0.0,-25.0,-1.0,done
898889.0,15-10-2024,NON EUR1 AIR FILTER,199211.0,(GAZ) COMLINE IRELAND LIMITED,CDW12106,3.86,1.0,1.0,OBS,4.0,0.0,0.0,7.0,1.0,4.0,1.0,CDW121061,,,,,,,-6.0,3.0,
912647.0,16-01-2025,EUR1 AIR FILTER + CABIN FILTER,215102.0,(GAZ) COMLINE IRELAND LIMITED,EAF1041,6.41,2.0,2.0,V-SLOW,84.0,0.0,9.0,4.0,2.0,75.0,1.0,EAF10411,6.0,07-02-2025,8.0,2.0,8.0,,-2.0,73.0,
912647.0,16-01-2025,EUR1 AIR FILTER + CABIN FILTER,215102.0,(GAZ) COMLINE IRELAND LIMITED,EKF111,3.41,2.0,2.0,OBS,5.0,0.0,0.0,7.0,7.0,5.0,3.0,EKF1111,,,,,,,0.0,-2.0,
906950.0,03-12-2024,EUR1 CABIN FILTER,209102.0,(GAZ) COMLINE IRELAND LIMITED,EKF111,3.41,3.0,3.0,OBS,5.0,0.0,0.0,7.0,7.0,5.0,3.0,EKF1111,,,,,,,0.0,-2.0,
890566.0,27-08-2024,EUR1 CABIN FILTER,189202.0,(GAZ) COMLINE IRELAND LIMITED,EKF111,3.41,2.0,2.0,OBS,5.0,0.0,0.0,7.0,7.0,5.0,3.0,EKF1111,,,,,,,0.0,-2.0,
912647.0,16-01-2025,EUR1 AIR FILTER + CABIN FILTER,215102.0,(GAZ) COMLINE IRELAND LIMITED,EKF422A,2.89,2.0,2.0,FAST,448.0,0.0,4.0,339.0,2.0,444.0,1.0,EKF422A1,450.0,06-02-2025,1815.0,3.0,450.0,,-337.0,442.0,
853551.0,01-04-2024,EUR1 - AIR FILTER+CABIN FILTER,144702.0,(GAZ) COMLINE IRELAND LIMITED,EKF383A,6.38,3.0,3.0,OBS,0.0,0.0,0.0,16.0,3.0,0.0,1.0,EKF383A1,,,,,,0.0,-13.0,-3.0,done
912664.0,16-01-2025,NON EUR1 AIR FILTER + FUEL FILTER,215109.0,(GAZ) COMLINE IRELAND LIMITED,EFF012,0.51,30.0,30.0,SLOW,11.0,0.0,0.0,122.0,30.0,11.0,1.0,EFF0121,247.0,14-02-2025,1400.0,5.0,297.0,,-92.0,-19.0,
884781.0,16-07-2024,NON EUR1 FUEL FILTER+OIL FILTER,181208.0,(GAZ) COMLINE IRELAND LIMITED,EFF314D,17.44,10.0,10.0,V-SLOW,0.0,0.0,0.0,144.0,38.0,0.0,4.0,EFF314D1,180.0,29-01-2025,330.0,2.0,180.0,0.0,-106.0,-38.0,done
887251.0,30-07-2024,NON EUR1 FUEL FILTER+OIL FILTER,183811.0,(GAZ) COMLINE IRELAND LIMITED,EFF314D,17.44,13.0,13.0,V-SLOW,0.0,0.0,0.0,144.0,38.0,0.0,4.0,EFF314D1,180.0,29-01-2025,330.0,2.0,180.0,0.0,-106.0,-38.0,done
890577.0,27-08-2024,NON EUR1 FUEL FILTER,189212.0,(GAZ) COMLINE IRELAND LIMITED,EFF314D,17.44,14.0,14.0,V-SLOW,0.0,0.0,0.0,144.0,38.0,0.0,4.0,EFF314D1,180.0,29-01-2025,330.0,2.0,180.0,0.0,-106.0,-38.0,done
891562.0,03-09-2024,NON EUR1 FUEL FILTER+CABIN FILTER,190309.0,(GAZ) COMLINE IRELAND LIMITED,EFF314D,17.44,1.0,1.0,V-SLOW,0.0,0.0,0.0,144.0,38.0,0.0,4.0,EFF314D1,180.0,29-01-2025,330.0,2.0,180.0,0.0,-106.0,-38.0,done
912658.0,16-01-2025,NON EUR1 OIL FILTER + CABIN FILTER,215107.0,(GAZ) COMLINE IRELAND LIMITED,EOF011,2.54,7.0,7.0,SLOW,6.0,0.0,0.0,166.0,7.0,6.0,1.0,EOF0111,150.0,14-02-2025,486.0,3.0,150.0,,-159.0,-1.0,
912669.0,16-01-2025,TUR STSUP,215112.0,(GAZ) COMLINE IRELAND LIMITED,CCA2471R,12.23,1.0,1.0,SPECIAL,2.0,0.0,0.0,7.0,4.0,2.0,2.0,CCA2471R1,4.0,26-02-2025,4.0,1.0,4.0,,-3.0,-2.0,
907025.0,03-12-2024,TUR STSUP,209111.0,(GAZ) COMLINE IRELAND LIMITED,CCA2471R,12.23,3.0,3.0,SPECIAL,2.0,0.0,0.0,7.0,4.0,2.0,2.0,CCA2471R1,4.0,26-02-2025,4.0,1.0,4.0,,-3.0,-2.0,
902090.0,05-11-2024,TUR STSUP,203413.0,(GAZ) COMLINE IRELAND LIMITED,CCA1489L,35.63,1.0,1.0,V-SLOW,0.0,0.0,0.0,2.0,1.0,0.0,1.0,CCA1489L1,1.0,29-01-2025,2.0,2.0,1.0,0.0,-1.0,-1.0,done
912669.0,16-01-2025,TUR STSUP,215112.0,(GAZ) COMLINE IRELAND LIMITED,CCA2249,23.85,6.0,6.0,V-SLOW,0.0,0.0,0.0,6.0,6.0,0.0,1.0,CCA22491,8.0,14-02-2025,18.0,2.0,8.0,0.0,0.0,-6.0,done
904670.0,19-11-2024,TUR STSUP,206311.0,(GAZ) COMLINE IRELAND LIMITED,CCA2248,41.69,1.0,1.0,SLOW,0.0,0.0,0.0,15.0,1.0,0.0,1.0,CCA22481,10.0,16-05-2025,10.0,1.0,10.0,0.0,-14.0,-1.0,done
907025.0,03-12-2024,TUR STSUP,209111.0,(GAZ) COMLINE IRELAND LIMITED,CCA2380R,21.54,1.0,1.0,V-SLOW,0.0,0.0,0.0,8.0,2.0,0.0,2.0,CCA2380R1,10.0,18-03-2025,10.0,1.0,10.0,0.0,-6.0,-2.0,done
912669.0,16-01-2025,TUR STSUP,215112.0,(GAZ) COMLINE IRELAND LIMITED,CCA2380R,21.54,1.0,1.0,V-SLOW,0.0,0.0,0.0,8.0,2.0,0.0,2.0,CCA2380R1,10.0,18-03-2025,10.0,1.0,10.0,0.0,-6.0,-2.0,done
912669.0,16-01-2025,TUR STSUP,215112.0,(GAZ) COMLINE IRELAND LIMITED,CCA2081,38.24,1.0,1.0,V-SLOW,4.0,0.0,0.0,4.0,4.0,4.0,2.0,CCA20811,1.0,26-02-2025,3.0,2.0,3.0,,0.0,0.0,back/order/qty
907025.0,03-12-2024,TUR STSUP,209111.0,(GAZ) COMLINE IRELAND LIMITED,CCA2081,38.24,4.0,3.0,V-SLOW,4.0,0.0,0.0,4.0,4.0,4.0,2.0,CCA20811,1.0,26-02-2025,3.0,2.0,3.0,,0.0,0.0,back/order/qty
902090.0,05-11-2024,TUR STSUP,203413.0,(GAZ) COMLINE IRELAND LIMITED,CCA2287R,48.73,1.0,1.0,V-SLOW,0.0,0.0,0.0,7.0,3.0,0.0,3.0,CCA2287R1,,,,,,0.0,-4.0,-3.0,done
898899.0,15-10-2024,TUR STSUP,199217.0,(GAZ) COMLINE IRELAND LIMITED,CCA2287R,48.73,1.0,1.0,V-SLOW,0.0,0.0,0.0,7.0,3.0,0.0,3.0,CCA2287R1,,,,,,0.0,-4.0,-3.0,done
894018.0,18-09-2024,TUR - STSUP,192709.0,(GAZ) COMLINE IRELAND LIMITED,CCA2287R,48.73,2.0,1.0,V-SLOW,0.0,0.0,0.0,7.0,3.0,0.0,3.0,CCA2287R1,,,,,,0.0,-4.0,-3.0,done
907025.0,03-12-2024,TUR STSUP,209111.0,(GAZ) COMLINE IRELAND LIMITED,CCA2141,27.86,3.0,1.0,V-SLOW,6.0,0.0,0.0,1.0,1.0,6.0,1.0,CCA21411,,,,,,,0.0,5.0,back/order/qty
900951.0,29-10-2024,TUR - STSUP,202311.0,(GAZ) COMLINE IRELAND LIMITED,CCA2256,16.84,9.0,1.0,V-SLOW,0.0,0.0,0.0,5.0,1.0,0.0,1.0,CCA22561,10.0,20-02-2025,10.0,1.0,10.0,0.0,-4.0,-1.0,done
912669.0,16-01-2025,TUR STSUP,215112.0,(GAZ) COMLINE IRELAND LIMITED,CCA2372R,12.51,2.0,1.0,SPECIAL,1.0,0.0,0.0,3.0,1.0,1.0,1.0,CCA2372R1,1.0,07-02-2025,2.0,2.0,1.0,,-2.0,0.0,
912669.0,16-01-2025,TUR STSUP,215112.0,(GAZ) COMLINE IRELAND LIMITED,CCA1372L,12.51,8.0,1.0,SPECIAL,1.0,0.0,0.0,1.0,1.0,1.0,1.0,CCA1372L1,8.0,07-02-2025,16.0,2.0,8.0,,0.0,0.0,back/order/qty
912669.0,16-01-2025,TUR STSUP,215112.0,(GAZ) COMLINE IRELAND LIMITED,CCA1162,9.89,1.0,1.0,SLOW,0.0,0.0,0.0,33.0,9.0,0.0,2.0,CCA11621,15.0,20-02-2025,35.0,3.0,15.0,0.0,-24.0,-9.0,done
900951.0,29-10-2024,TUR - STSUP,202311.0,(GAZ) COMLINE IRELAND LIMITED,CCA1162,9.89,8.0,8.0,SLOW,0.0,0.0,0.0,33.0,9.0,0.0,2.0,CCA11621,15.0,20-02-2025,35.0,3.0,15.0,0.0,-24.0,-9.0,done
890579.0,27-08-2024,TUR STSUP,189214.0,(GAZ) COMLINE IRELAND LIMITED,CCA2162,9.89,2.0,2.0,SLOW,0.0,0.0,0.0,43.0,19.0,0.0,5.0,CCA21621,,,,,,0.0,-24.0,-19.0,done
888433.0,06-08-2024,TUR STSUP,185010.0,(GAZ) COMLINE IRELAND LIMITED,CCA2162,9.89,5.0,5.0,SLOW,0.0,0.0,0.0,43.0,19.0,0.0,5.0,CCA21621,,,,,,0.0,-24.0,-19.0,done
887252.0,30-07-2024,TUR STSUP,183812.0,(GAZ) COMLINE IRELAND LIMITED,CCA2162,9.89,3.0,3.0,SLOW,0.0,0.0,0.0,43.0,19.0,0.0,5.0,CCA21621,,,,,,0.0,-24.0,-19.0,done
877443.0,04-06-2024,TUR - STSUP,173413.0,(GAZ) COMLINE IRELAND LIMITED,CCA2162,9.89,7.0,7.0,SLOW,0.0,0.0,0.0,43.0,19.0,0.0,5.0,CCA21621,,,,,,0.0,-24.0,-19.0,done
912669.0,16-01-2025,TUR STSUP,215112.0,(GAZ) COMLINE IRELAND LIMITED,CCA2162,9.89,2.0,2.0,SLOW,0.0,0.0,0.0,43.0,19.0,0.0,5.0,CCA21621,,,,,,0.0,-24.0,-19.0,done
,,,,,,,,0.0,,0.0,,0.0,,,0.0,,,,,,,,0.0,,,done
,,,,,,,,0.0,,0.0,,0.0,,,0.0,,,,,,,,0.0,,,done
